FIELD_ID,AREA_HA,CROP_ID,CROP_NAME,PLANTING_DATE,SEED_DENSITY_PER_HA,TEMP_AVG_C,HUMIDITY_AVG_PCT,PH_SOIL_AVG,RAINFALL_TOTAL_MM,NDVI_MEAN,YIELD_KG_PER_HA
4,49.9,3,Trigo,2024-07-27,189392,24.27,40.8,6.03,463.3,0.535,2391.31
24,32.48,1,Soja,2024-05-14,290821,22.83,44.8,6.22,386.0,0.649,3304.39
8,69.96,2,Milho,2024-04-28,66370,24.84,35.4,5.64,473.6,0.724,5244.81
5,16.7,1,Soja,2023-10-11,254777,22.8,62.7,6.03,288.4,0.562,3003.02
4,49.9,3,Trigo,2024-08-08,172269,21.29,61.1,6.82,561.8,0.566,2851.16
24,32.48,3,Trigo,2023-08-30,200869,27.9,53.2,6.09,591.6,0.56,2509.21
3,59.9,3,Trigo,2023-12-11,219116,25.45,48.5,6.48,634.6,0.646,1896.78
14,20.93,3,Trigo,2023-01-19,166639,27.29,40.8,6.82,558.4,0.652,2334.56
1,33.09,1,Soja,2024-07-05,320530,20.77,50.0,6.76,489.5,0.597,3119.94
7,9.36,1,Soja,2024-08-12,350949,27.87,51.9,6.64,419.2,0.613,3264.21
17,27.82,1,Soja,2024-09-20,267908,24.02,52.7,5.59,399.5,0.616,3213.35
1,33.09,3,Trigo,2024-01-14,153186,25.62,45.6,7.0,447.8,0.483,2210.62
7,9.36,3,Trigo,2023-01-27,150783,24.24,79.6,6.2,486.2,0.647,2541.15
21,50.89,3,Trigo,2023-06-23,157983,27.01,47.0,6.99,618.6,0.789,2610.58
18,44.36,3,Trigo,2024-09-01,181714,20.04,49.3,6.35,389.6,0.495,2573.76
8,69.96,2,Milho,2024-05-19,62146,25.89,61.2,6.22,403.4,0.561,5915.88
19,37.4,2,Milho,2024-04-26,71254,24.91,68.1,5.5,472.2,0.676,4628.03
1,33.09,2,Milho,2024-06-13,66398,18.72,61.2,6.91,477.2,0.735,4841.32
23,26.91,1,Soja,2024-05-20,267172,19.23,61.6,5.81,544.5,0.766,3116.59
11,6.54,2,Milho,2024-04-25,72029,25.65,46.3,6.37,285.6,0.573,5101.93
5,16.7,2,Milho,2024-04-05,58142,24.05,69.5,6.17,776.4,0.713,4579.25
25,39.21,1,Soja,2024-11-17,341822,25.93,53.8,6.67,395.7,0.728,3287.58
4,49.9,2,Milho,2023-08-20,66229,24.86,42.5,6.39,496.2,0.562,5370.59
13,67.43,1,Soja,2024-10-02,336204,19.43,63.7,6.83,334.9,0.788,2672.82
12,77.74,1,Soja,2024-08-14,326055,26.06,93.5,6.59,586.3,0.745,3135.51
20,26.84,2,Milho,2023-10-02,50692,27.04,56.7,5.87,445.2,0.597,5360.68
2,76.3,2,Milho,2024-03-07,70436,22.11,65.9,6.33,320.7,0.578,4880.37
15,18.64,3,Trigo,2023-02-07,180378,24.87,78.9,7.22,613.6,0.733,2399.44
4,49.9,3,Trigo,2023-08-24,201643,21.35,63.5,5.9,436.2,0.7,2348.22
3,59.9,2,Milho,2023-04-25,68018,22.66,58.2,5.49,563.4,0.777,6399.4
10,58.11,3,Trigo,2024-03-22,199365,17.92,50.2,6.93,365.1,0.694,2617.09
20,26.84,3,Trigo,2023-12-25,218576,23.76,42.1,6.25,210.6,0.52,2297.99
19,37.4,2,Milho,2023-02-03,68696,29.77,40.6,6.88,451.2,0.552,4668.61
23,26.91,1,Soja,2023-01-20,275394,21.6,61.5,6.36,222.3,0.778,3623.11
2,76.3,1,Soja,2024-02-03,280279,23.39,60.9,6.44,375.3,0.629,3236.1
8,69.96,3,Trigo,2023-03-28,164257,27.4,64.5,7.03,493.4,0.708,2569.88
3,59.9,2,Milho,2023-05-10,60267,26.99,61.1,6.29,464.1,0.778,6174.93
4,49.9,1,Soja,2024-09-18,300485,23.19,70.5,6.08,401.1,0.676,3716.77
9,50.08,2,Milho,2024-08-26,69761,26.73,51.9,6.46,434.4,0.66,5527.82
21,50.89,2,Milho,2023-08-03,59406,32.37,67.0,5.7,542.5,0.717,4815.47
6,16.7,2,Milho,2024-02-06,60490,27.9,53.5,5.89,411.4,0.691,5534.08
12,77.74,2,Milho,2023-03-03,74234,24.97,50.7,6.4,517.1,0.737,5463.32
22,15.46,1,Soja,2024-11-22,293602,21.13,52.9,6.46,627.0,0.736,3226.35
23,26.91,2,Milho,2023-01-09,68941,19.99,48.2,6.28,602.5,0.727,5978.77
21,50.89,3,Trigo,2023-10-01,160674,26.76,51.0,6.41,451.5,0.66,2620.49
20,26.84,1,Soja,2024-04-04,295562,25.99,50.7,7.23,594.0,0.832,3415.62
6,16.7,3,Trigo,2024-03-28,183759,20.64,49.0,5.24,386.9,0.574,2774.63
24,32.48,3,Trigo,2023-08-14,197506,31.5,60.7,6.79,539.0,0.798,2552.6
6,16.7,1,Soja,2024-09-24,349512,28.72,50.3,5.44,612.5,0.639,2770.11
13,67.43,2,Milho,2023-02-11,62495,21.6,57.6,6.45,631.9,0.681,5211.9
21,50.89,2,Milho,2023-04-05,75221,24.48,60.1,6.66,315.0,0.497,5052.06
18,44.36,3,Trigo,2024-01-15,205664,21.01,56.1,7.08,470.4,0.765,2819.6
22,15.46,1,Soja,2023-10-22,229650,26.58,68.7,5.82,532.3,0.756,2744.36
25,39.21,2,Milho,2024-10-22,72852,15.84,57.0,5.21,391.6,0.783,4942.37
8,69.96,1,Soja,2024-11-24,296435,17.19,54.4,6.49,446.1,0.443,2640.44
11,6.54,1,Soja,2023-02-25,382203,26.68,44.0,6.54,539.7,0.621,2799.73
9,50.08,2,Milho,2023-05-06,55416,21.88,47.1,6.25,325.8,0.595,6048.3
7,9.36,1,Soja,2023-01-29,270543,24.14,60.1,6.9,552.2,0.588,3392.47
23,26.91,3,Trigo,2023-06-02,173774,22.9,32.0,5.54,614.0,0.814,2491.81
7,9.36,2,Milho,2024-01-09,58515,25.25,45.3,6.34,632.9,0.404,5135.0
16,18.76,3,Trigo,2023-10-03,216998,21.41,44.2,7.14,555.8,0.649,2597.78
21,50.89,2,Milho,2024-03-04,76165,20.55,50.6,7.09,403.4,0.583,4712.36
5,16.7,2,Milho,2024-02-21,58088,18.41,60.6,5.97,391.5,0.591,5114.49
5,16.7,2,Milho,2023-10-27,59207,20.68,58.9,6.26,478.5,0.677,5623.88
24,32.48,1,Soja,2024-05-03,322823,24.4,62.5,5.47,515.2,0.584,3017.21
18,44.36,3,Trigo,2024-01-06,151521,16.78,50.4,6.15,267.1,0.73,2689.25
24,32.48,2,Milho,2023-12-18,60384,21.39,55.5,5.87,403.9,0.751,6315.89
14,20.93,3,Trigo,2024-07-08,184243,19.48,47.8,7.52,237.6,0.547,2489.58
13,67.43,3,Trigo,2023-05-13,169703,24.35,53.4,6.88,480.5,0.684,2561.26
8,69.96,2,Milho,2023-04-30,62838,22.27,60.4,6.82,185.0,0.686,5985.48
17,27.82,1,Soja,2024-08-19,367057,15.85,44.9,5.36,407.8,0.652,2557.87
3,59.9,2,Milho,2023-10-08,66321,23.12,63.9,6.35,343.8,0.679,5937.56
4,49.9,1,Soja,2023-09-02,309928,25.35,50.8,6.62,722.5,0.668,3294.93
21,50.89,1,Soja,2023-07-01,351478,20.6,70.1,6.5,408.3,0.733,2874.57
22,15.46,1,Soja,2023-04-20,375071,27.03,45.8,6.73,612.7,0.691,2754.75
20,26.84,2,Milho,2023-05-13,66444,19.02,56.7,6.72,343.1,0.418,5870.3
13,67.43,1,Soja,2024-03-22,318858,24.44,62.3,6.54,476.9,0.571,3849.77
20,26.84,2,Milho,2023-11-06,85309,29.38,56.8,6.35,439.2,0.728,4196.32
17,27.82,2,Milho,2023-10-19,65586,23.37,50.7,5.79,251.4,0.732,4987.4
18,44.36,2,Milho,2024-06-22,64946,18.82,40.0,6.17,314.9,0.635,4061.33
22,15.46,1,Soja,2023-11-02,255738,23.08,62.0,7.22,585.2,0.623,3862.95
4,49.9,3,Trigo,2023-02-18,244248,24.24,47.2,6.64,436.2,0.666,1835.4
18,44.36,3,Trigo,2023-02-17,128165,22.98,70.0,4.97,581.0,0.775,1919.79
25,39.21,2,Milho,2024-09-21,62104,22.51,53.5,6.56,550.0,0.517,5623.72
11,6.54,3,Trigo,2023-04-24,192234,27.74,67.7,6.66,314.5,0.598,2015.28
10,58.11,1,Soja,2023-03-14,365855,26.85,63.1,5.83,478.2,0.675,2819.5
6,16.7,2,Milho,2023-05-30,63520,26.37,51.9,6.46,299.9,0.742,5339.34
1,33.09,2,Milho,2023-07-09,74973,28.2,68.2,5.42,540.8,0.509,3755.06
24,32.48,3,Trigo,2023-11-15,207582,24.84,54.0,6.03,497.9,0.646,2566.39
17,27.82,2,Milho,2023-11-07,54692,24.6,76.6,6.64,375.3,0.608,5121.28
17,27.82,1,Soja,2023-07-18,318903,24.78,45.2,6.5,245.7,0.753,3052.6
21,50.89,1,Soja,2024-03-14,315344,27.93,45.0,6.56,431.0,0.731,2627.14
21,50.89,2,Milho,2023-02-04,53746,26.07,47.7,6.39,359.4,0.589,4849.2
20,26.84,3,Trigo,2024-06-08,182383,18.59,60.7,5.42,699.8,0.62,2832.39
5,16.7,1,Soja,2023-06-06,271872,21.7,56.2,7.58,438.5,0.765,3171.18
25,39.21,2,Milho,2024-05-17,56297,31.08,39.4,6.1,510.0,0.703,5066.32
18,44.36,1,Soja,2024-03-06,246586,21.09,52.5,6.26,524.5,0.668,3154.88
1,33.09,3,Trigo,2024-08-11,141836,26.44,67.9,6.83,395.6,0.713,2203.34
11,6.54,3,Trigo,2024-12-21,206328,25.72,57.1,6.44,296.8,0.542,2198.96
1,33.09,2,Milho,2024-09-21,56660,26.73,50.3,6.74,281.4,0.7,5883.09
12,77.74,1,Soja,2024-06-13,240577,23.25,50.6,7.02,473.6,0.753,3179.46
8,69.96,2,Milho,2023-06-20,60921,27.56,62.1,6.32,596.8,0.582,4645.0
8,69.96,1,Soja,2024-04-03,288728,22.22,69.5,7.09,387.3,0.608,2916.1
3,59.9,3,Trigo,2023-08-05,175856,20.33,35.7,5.7,321.5,0.718,2259.8
24,32.48,1,Soja,2024-10-03,319698,23.8,61.7,5.74,495.9,0.667,3370.11
3,59.9,2,Milho,2023-06-18,61032,33.82,49.8,6.0,516.6,0.588,5153.33
25,39.21,3,Trigo,2024-12-08,195823,29.68,49.3,5.88,506.6,0.595,2535.67
5,16.7,1,Soja,2024-03-08,321739,17.94,46.6,6.38,406.5,0.708,3112.07
16,18.76,3,Trigo,2024-02-07,224863,23.29,47.0,5.61,362.3,0.647,2033.52
6,16.7,3,Trigo,2024-09-13,213096,24.9,20.2,5.86,594.7,0.684,1956.16
17,27.82,2,Milho,2024-02-17,69058,26.34,51.4,6.6,583.0,0.732,6444.98
14,20.93,3,Trigo,2024-03-27,162761,28.68,48.5,6.54,405.6,0.567,2601.42
18,44.36,1,Soja,2024-08-20,329850,24.11,67.8,6.4,455.6,0.514,3433.55
23,26.91,3,Trigo,2024-07-23,210224,32.65,57.7,6.1,514.6,0.655,2224.68
23,26.91,1,Soja,2024-11-11,271995,22.21,56.9,6.84,326.8,0.663,3457.8
13,67.43,2,Milho,2023-02-03,70856,17.91,58.7,6.04,434.3,0.446,5374.07
21,50.89,3,Trigo,2023-11-22,197708,18.21,33.0,6.52,389.8,0.548,2596.92
15,18.64,2,Milho,2024-04-22,55181,21.74,52.8,5.73,436.2,0.713,6256.89
15,18.64,3,Trigo,2023-07-20,216094,23.82,57.4,6.18,492.2,0.525,2283.73
8,69.96,1,Soja,2024-12-07,318397,28.47,57.7,6.18,534.9,0.722,3648.54
3,59.9,1,Soja,2024-04-02,372037,24.79,62.1,6.26,622.8,0.582,3099.45
1,33.09,2,Milho,2023-02-16,62784,18.28,39.1,6.58,373.8,0.75,4778.81
18,44.36,3,Trigo,2023-02-22,190636,22.19,30.8,5.51,541.2,0.729,2373.25
19,37.4,1,Soja,2023-06-26,264947,23.81,79.0,6.29,513.0,0.828,3068.9
1,33.09,1,Soja,2023-09-13,322903,19.99,52.2,7.2,526.9,0.593,3213.57
23,26.91,1,Soja,2023-01-24,276821,27.7,73.1,6.48,497.2,0.718,3505.57
2,76.3,3,Trigo,2024-08-17,184947,29.27,57.0,7.34,367.3,0.824,2215.65
3,59.9,1,Soja,2024-09-28,418600,22.06,44.7,6.04,524.2,0.763,2441.11
11,6.54,1,Soja,2024-06-09,233256,24.15,56.2,6.61,327.3,0.624,3106.33
17,27.82,1,Soja,2024-06-26,295784,26.59,36.4,5.85,262.6,0.85,3018.04
9,50.08,1,Soja,2024-09-29,355203,23.31,63.8,6.63,260.8,0.798,2928.51
16,18.76,3,Trigo,2024-06-06,176081,25.58,58.2,6.15,251.9,0.645,2682.49
18,44.36,1,Soja,2024-01-11,346433,28.6,37.6,6.12,315.6,0.521,2618.67
24,32.48,1,Soja,2024-12-08,289629,25.39,39.4,6.16,198.6,0.675,3300.9
19,37.4,3,Trigo,2023-07-01,231918,30.0,63.5,6.13,408.1,0.618,2073.18
8,69.96,2,Milho,2024-03-03,65387,25.72,52.0,6.49,410.8,0.595,5632.24
14,20.93,2,Milho,2024-11-14,67771,26.93,54.2,6.34,210.2,0.742,5996.6
4,49.9,1,Soja,2023-12-23,311062,12.41,46.3,6.5,337.4,0.714,2537.93
22,15.46,1,Soja,2023-11-20,314598,23.24,57.2,6.74,509.5,0.665,4157.52
12,77.74,2,Milho,2024-09-26,56386,23.77,50.5,6.33,473.7,0.695,6027.7
14,20.93,2,Milho,2024-04-25,67630,30.53,43.5,6.45,359.5,0.644,5038.15
24,32.48,2,Milho,2024-02-18,73375,25.69,60.6,6.48,247.8,0.557,5263.73
22,15.46,1,Soja,2024-07-10,300623,22.81,68.8,6.22,465.1,0.633,3193.02
21,50.89,3,Trigo,2023-10-17,147671,18.24,46.1,7.08,263.7,0.62,2388.94
2,76.3,1,Soja,2023-02-23,287006,30.57,65.1,5.96,720.3,0.748,2550.95
24,32.48,2,Milho,2023-01-19,83628,33.16,43.4,5.53,623.4,0.468,3741.75
4,49.9,2,Milho,2024-07-12,64499,26.38,63.5,6.68,483.7,0.66,5637.21
7,9.36,1,Soja,2023-12-21,223515,22.88,46.3,5.81,566.5,0.588,2795.83
18,44.36,1,Soja,2024-03-21,261266,20.04,64.4,5.81,423.0,0.705,2896.15
5,16.7,2,Milho,2024-06-01,60368,18.66,56.6,5.83,617.7,0.642,5324.98
6,16.7,2,Milho,2024-04-07,59696,24.49,60.4,6.32,454.9,0.58,5095.72
15,18.64,2,Milho,2024-09-05,71423,31.0,52.2,6.68,539.7,0.58,4850.42
3,59.9,1,Soja,2023-11-06,312392,21.31,57.8,5.88,707.4,0.531,3035.78
18,44.36,2,Milho,2023-06-08,76675,25.66,67.2,7.11,265.6,0.677,4020.27
2,76.3,1,Soja,2023-12-29,365135,20.79,71.4,7.14,383.6,0.707,2497.89
18,44.36,3,Trigo,2023-03-04,161023,23.19,44.0,5.94,379.6,0.63,2571.07
3,59.9,1,Soja,2024-08-07,314962,24.94,39.4,6.47,550.0,0.451,3359.78
6,16.7,1,Soja,2024-12-26,303857,19.16,61.9,7.27,418.7,0.823,2687.53
16,18.76,2,Milho,2024-11-30,57768,26.16,45.8,6.38,280.4,0.639,5079.99
7,9.36,2,Milho,2024-04-30,65601,28.94,49.7,5.6,458.8,0.728,5699.83
2,76.3,2,Milho,2024-03-31,72653,24.77,51.9,6.37,431.7,0.721,5416.9
13,67.43,1,Soja,2023-03-05,386229,18.68,55.9,6.65,348.2,0.49,2201.62
13,67.43,1,Soja,2024-01-12,288389,23.98,63.4,6.34,438.1,0.742,3566.5
15,18.64,2,Milho,2024-07-30,56707,25.29,49.9,6.18,307.5,0.615,5901.11
14,20.93,2,Milho,2024-12-13,69462,28.34,59.7,6.29,548.1,0.789,5753.82
24,32.48,3,Trigo,2023-10-19,134939,18.75,51.3,5.8,510.9,0.655,2315.4
22,15.46,3,Trigo,2024-01-05,210469,20.24,53.6,5.7,522.0,0.803,2602.98
16,18.76,3,Trigo,2023-02-12,187561,29.96,49.4,6.09,405.9,0.579,2461.77
7,9.36,1,Soja,2023-02-15,240604,24.64,55.0,6.52,592.9,0.745,2614.33
7,9.36,2,Milho,2023-04-06,74662,27.74,53.7,6.79,389.1,0.533,5161.67
19,37.4,1,Soja,2024-06-19,307334,21.69,29.1,6.03,497.0,0.502,2969.89
18,44.36,3,Trigo,2023-03-22,209205,26.32,35.4,7.33,306.8,0.646,1845.8
24,32.48,1,Soja,2023-12-14,341596,18.51,38.9,7.04,424.9,0.583,2423.4
2,76.3,2,Milho,2023-07-05,67212,31.3,54.1,6.76,619.3,0.771,5695.99
19,37.4,1,Soja,2024-03-24,305461,24.13,47.5,6.53,368.7,0.851,2920.36
17,27.82,2,Milho,2023-02-22,70442,24.74,47.0,6.95,332.3,0.517,5690.03
6,16.7,3,Trigo,2023-05-16,217533,28.74,62.2,6.8,359.2,0.508,1985.62
17,27.82,1,Soja,2024-03-24,358224,23.0,61.4,6.91,380.0,0.654,3516.47
6,16.7,1,Soja,2024-06-30,221345,26.15,65.7,6.12,349.3,0.546,3274.83
20,26.84,1,Soja,2024-11-19,246377,19.59,50.2,6.13,475.3,0.634,3193.5
22,15.46,1,Soja,2024-08-18,329395,23.33,57.8,6.18,642.9,0.699,3630.32
13,67.43,1,Soja,2023-05-10,332507,28.69,58.3,6.32,438.7,0.641,3594.64
19,37.4,1,Soja,2023-06-05,404067,28.95,55.2,6.45,654.3,0.674,2970.5
19,37.4,1,Soja,2024-05-17,289981,16.96,58.3,6.75,375.3,0.698,3041.71
2,76.3,3,Trigo,2023-06-30,189866,23.16,46.5,6.01,520.6,0.817,2415.72
3,59.9,3,Trigo,2023-09-17,168645,25.78,57.8,7.03,276.0,0.539,2116.85
22,15.46,2,Milho,2024-10-01,50913,30.91,51.0,6.41,561.9,0.508,3887.59
19,37.4,3,Trigo,2024-08-02,183161,29.05,56.8,5.88,715.7,0.62,2374.98
11,6.54,3,Trigo,2024-02-14,166220,32.25,67.1,6.81,521.1,0.728,2282.5
7,9.36,2,Milho,2023-02-12,42811,23.99,66.2,5.98,563.7,0.718,4654.26
23,26.91,3,Trigo,2023-04-18,195770,21.13,36.3,6.26,435.4,0.801,2513.61
8,69.96,2,Milho,2024-04-09,74589,31.42,51.5,6.43,587.7,0.62,4276.94
13,67.43,2,Milho,2024-03-05,63819,22.04,43.8,6.37,237.8,0.682,5205.68
22,15.46,1,Soja,2024-09-29,255543,17.62,51.3,6.5,426.9,0.789,3012.52
10,58.11,3,Trigo,2023-02-28,191719,23.89,72.7,7.13,395.1,0.59,2082.81
11,6.54,2,Milho,2024-07-02,67840,25.21,58.5,6.36,332.8,0.561,5196.18
1,33.09,1,Soja,2023-07-02,270111,27.65,47.0,7.05,417.5,0.648,2437.22
20,26.84,2,Milho,2023-09-11,64123,27.54,57.5,6.34,534.3,0.66,5707.33
4,49.9,3,Trigo,2023-07-09,179108,27.18,42.5,6.45,287.2,0.697,2155.08
18,44.36,1,Soja,2023-03-25,340700,28.66,50.7,6.03,526.0,0.605,4123.59
17,27.82,1,Soja,2023-03-25,303445,25.72,61.9,6.39,406.0,0.567,3060.58
5,16.7,2,Milho,2023-05-02,59313,12.31,50.5,7.31,662.4,0.547,4671.6
3,59.9,2,Milho,2024-01-10,57373,23.27,68.7,5.98,354.1,0.602,5179.77
12,77.74,1,Soja,2023-05-30,297558,30.5,51.4,6.56,488.1,0.647,3149.52
6,16.7,2,Milho,2024-10-25,74187,23.28,86.9,6.45,359.8,0.607,5118.37
18,44.36,2,Milho,2023-07-29,71123,18.25,58.6,6.98,592.6,0.704,5163.69
10,58.11,3,Trigo,2024-01-25,169908,25.94,46.5,5.98,573.6,0.617,2443.04
21,50.89,3,Trigo,2023-11-18,193032,25.69,47.6,6.4,473.0,0.674,2654.57
1,33.09,3,Trigo,2023-11-01,244739,19.75,59.3,6.21,568.3,0.769,2354.33
18,44.36,3,Trigo,2023-02-27,225196,25.3,46.9,6.6,482.5,0.68,2368.79
22,15.46,2,Milho,2023-08-18,64817,29.27,53.8,5.24,377.1,0.78,4532.8
5,16.7,1,Soja,2024-06-03,330543,21.98,49.3,6.09,370.5,0.447,3417.77
4,49.9,2,Milho,2024-03-29,67594,27.99,50.7,6.5,447.1,0.56,5127.12
24,32.48,1,Soja,2024-05-16,355034,28.75,51.0,6.56,388.9,0.728,3547.43
5,16.7,3,Trigo,2024-01-10,192229,20.0,48.2,6.56,471.5,0.685,3119.6
10,58.11,2,Milho,2023-07-10,51360,28.44,57.7,6.63,334.0,0.665,3902.37
7,9.36,3,Trigo,2024-09-23,184762,15.31,63.5,6.03,439.1,0.683,2943.71
11,6.54,3,Trigo,2023-08-02,196484,22.26,57.0,6.46,556.6,0.597,2789.24
22,15.46,1,Soja,2023-03-24,287872,25.47,73.4,6.19,408.1,0.648,3454.46
9,50.08,3,Trigo,2023-08-05,202561,17.53,65.5,5.87,501.4,0.74,2603.62
16,18.76,3,Trigo,2023-05-16,185959,23.58,53.3,6.34,589.4,0.557,2717.97
2,76.3,2,Milho,2024-10-03,76792,26.0,61.5,7.64,232.8,0.581,4539.28
21,50.89,1,Soja,2024-03-15,329685,23.45,64.5,7.11,607.8,0.814,3221.51
9,50.08,2,Milho,2023-03-18,76832,17.59,52.4,5.1,500.9,0.664,4838.22
1,33.09,1,Soja,2024-01-05,298518,21.51,56.9,5.93,291.6,0.589,2845.89
25,39.21,2,Milho,2024-12-10,57845,21.23,52.8,5.27,504.2,0.526,4919.8
21,50.89,1,Soja,2024-01-13,304601,22.76,47.5,6.46,610.9,0.462,3071.09
6,16.7,2,Milho,2023-03-05,64851,26.69,46.1,6.43,462.4,0.434,6174.35
15,18.64,3,Trigo,2024-05-27,192718,21.17,39.9,5.4,259.9,0.677,2267.63
23,26.91,3,Trigo,2024-08-24,159192,27.58,56.4,5.99,365.0,0.684,2057.37
18,44.36,2,Milho,2023-09-27,59799,23.16,45.1,6.23,459.2,0.628,5978.15
4,49.9,1,Soja,2024-05-10,315261,25.77,66.8,5.43,474.8,0.726,3471.05
23,26.91,1,Soja,2023-03-30,224726,19.43,56.1,6.28,425.0,0.637,2700.37
18,44.36,1,Soja,2023-03-31,318839,24.37,35.4,6.67,552.7,0.779,3453.78
12,77.74,1,Soja,2023-11-10,289998,19.23,64.2,6.8,369.5,0.789,3097.52
18,44.36,3,Trigo,2024-10-31,219641,25.04,36.8,5.95,229.7,0.767,2093.99
14,20.93,1,Soja,2024-05-17,331186,19.64,50.9,5.75,424.2,0.619,3202.84
2,76.3,1,Soja,2023-09-06,234844,29.58,53.5,5.94,583.2,0.532,3290.77
12,77.74,2,Milho,2023-06-09,64884,23.89,57.8,5.9,500.9,0.603,6262.16
12,77.74,1,Soja,2023-10-08,296262,24.03,44.0,6.12,233.5,0.615,3064.4
22,15.46,1,Soja,2024-10-10,254929,28.69,58.7,6.25,503.7,0.493,2893.72
22,15.46,1,Soja,2024-02-09,257463,24.57,70.7,6.43,423.7,0.773,3101.68
12,77.74,1,Soja,2023-05-23,309569,23.33,50.3,5.31,539.7,0.543,3646.46
14,20.93,3,Trigo,2023-12-23,168802,20.32,57.9,6.75,685.3,0.763,2670.34
24,32.48,3,Trigo,2023-01-29,182449,34.58,40.0,6.43,506.1,0.759,2750.02
8,69.96,1,Soja,2023-04-02,299461,22.43,48.3,6.74,435.0,0.533,3276.67
6,16.7,1,Soja,2024-09-22,354977,16.91,67.6,5.85,371.5,0.59,2207.42
1,33.09,2,Milho,2024-02-26,74326,36.55,66.9,6.13,499.8,0.799,4747.61
24,32.48,1,Soja,2024-10-13,284459,26.37,25.6,6.63,473.4,0.648,3532.84
14,20.93,2,Milho,2024-05-20,57845,27.79,50.9,5.93,587.4,0.597,5468.61
24,32.48,3,Trigo,2024-11-29,190798,27.81,60.1,6.66,511.9,0.586,2768.23
9,50.08,1,Soja,2024-04-25,267190,27.02,60.8,6.52,358.0,0.671,3293.61
23,26.91,1,Soja,2023-10-25,308531,21.3,53.6,5.9,413.0,0.461,2945.31
13,67.43,1,Soja,2024-08-02,260078,20.73,53.2,6.34,430.6,0.579,2771.73
16,18.76,1,Soja,2023-07-25,250429,27.32,53.1,6.17,209.5,0.714,3131.08
7,9.36,1,Soja,2023-09-19,387499,25.11,46.5,6.47,451.0,0.75,2531.0
12,77.74,2,Milho,2024-04-01,69043,24.84,50.1,6.7,333.2,0.698,6040.74
8,69.96,2,Milho,2023-04-15,67681,35.04,47.6,6.74,230.0,0.647,4554.24
1,33.09,1,Soja,2023-02-09,306207,20.71,66.2,6.3,448.9,0.617,3337.04
7,9.36,3,Trigo,2023-08-19,205685,20.53,52.3,5.91,537.4,0.601,2625.18
11,6.54,2,Milho,2024-10-13,60337,27.4,53.6,6.5,437.6,0.677,4763.74
3,59.9,2,Milho,2024-04-06,56556,23.46,60.2,5.89,473.0,0.657,6218.05
12,77.74,2,Milho,2023-03-18,69809,26.46,67.0,6.23,396.0,0.65,4966.64
17,27.82,3,Trigo,2023-06-02,170083,14.82,41.0,5.59,598.2,0.618,2932.06
22,15.46,2,Milho,2024-04-24,71543,28.16,54.2,6.64,321.4,0.495,5194.21
11,6.54,3,Trigo,2024-06-23,184807,20.39,65.8,5.62,635.8,0.574,2496.11
4,49.9,1,Soja,2023-07-29,279471,21.82,53.4,6.32,329.7,0.724,3133.33
6,16.7,2,Milho,2023-12-26,69304,20.02,62.8,5.1,440.7,0.652,5600.44
9,50.08,3,Trigo,2024-01-14,180490,19.28,66.1,6.66,536.2,0.694,2940.13
4,49.9,1,Soja,2023-03-29,339546,26.37,64.8,5.93,190.6,0.676,2731.26
14,20.93,3,Trigo,2024-12-12,159287,24.69,57.4,6.19,628.8,0.49,2431.94
24,32.48,2,Milho,2024-06-29,63354,17.43,48.0,6.28,514.5,0.655,5082.13
14,20.93,2,Milho,2023-06-14,66972,22.5,51.8,6.94,516.9,0.539,5897.22
17,27.82,3,Trigo,2023-10-11,173425,28.56,43.3,6.72,526.6,0.626,2283.81
13,67.43,1,Soja,2024-10-11,307389,22.72,56.5,5.88,700.7,0.489,3633.51
7,9.36,3,Trigo,2023-02-25,165907,24.03,63.4,5.99,712.5,0.461,2225.78
2,76.3,2,Milho,2023-05-01,68697,18.3,52.3,6.09,520.6,0.49,5823.46
14,20.93,3,Trigo,2023-02-23,180667,18.55,56.6,6.32,515.8,0.592,3104.26
17,27.82,1,Soja,2024-12-14,248269,21.43,59.9,7.2,427.1,0.722,2766.51
22,15.46,3,Trigo,2024-02-17,195715,25.89,54.9,7.08,524.2,0.629,2296.79
24,32.48,3,Trigo,2023-06-12,178346,27.53,50.5,6.06,481.9,0.606,3135.42
22,15.46,3,Trigo,2023-03-28,186187,23.01,47.4,5.52,288.7,0.49,2284.04
12,77.74,1,Soja,2024-11-25,335703,16.53,65.1,5.96,544.9,0.453,2550.01
3,59.9,2,Milho,2023-05-20,52678,26.92,39.7,6.32,475.7,0.631,5851.85
11,6.54,3,Trigo,2024-02-28,203041,30.47,56.0,5.85,290.4,0.631,2209.28
11,6.54,3,Trigo,2023-12-30,170844,30.04,59.1,5.64,383.9,0.547,2393.46
4,49.9,3,Trigo,2023-02-21,153223,13.58,57.0,6.52,498.5,0.774,3005.75
10,58.11,3,Trigo,2023-04-21,197255,28.77,56.1,6.83,381.3,0.483,1927.85
10,58.11,3,Trigo,2023-02-09,191564,19.65,44.1,6.64,312.1,0.717,2382.47
14,20.93,3,Trigo,2023-08-26,216493,21.29,63.6,6.59,394.8,0.536,2048.89
13,67.43,2,Milho,2024-04-27,76212,24.34,46.9,5.88,512.7,0.692,5816.28
10,58.11,3,Trigo,2023-08-05,122270,17.99,64.7,6.7,454.0,0.554,2048.65
5,16.7,3,Trigo,2024-11-12,192443,26.14,63.9,6.14,665.4,0.673,2578.82
14,20.93,1,Soja,2023-07-20,342328,25.69,49.6,6.57,294.1,0.528,3164.89
13,67.43,3,Trigo,2024-02-15,201227,23.98,61.7,5.75,403.5,0.72,2278.27
24,32.48,3,Trigo,2024-09-04,184830,23.71,54.4,6.53,542.9,0.55,2789.81
20,26.84,1,Soja,2024-12-06,278958,24.03,48.4,6.65,500.5,0.699,2767.47
10,58.11,3,Trigo,2023-04-07,163765,28.39,43.8,5.79,495.2,0.731,2634.5
18,44.36,2,Milho,2024-04-01,68269,28.85,57.6,6.12,467.2,0.472,4775.23
10,58.11,1,Soja,2024-03-29,271853,18.59,67.2,5.87,367.8,0.635,3013.55
7,9.36,2,Milho,2023-11-12,69014,19.53,67.4,6.22,384.2,0.666,5746.66
19,37.4,2,Milho,2023-05-26,60943,29.79,70.2,6.05,414.7,0.597,4224.91
21,50.89,3,Trigo,2024-12-16,205881,24.13,47.4,6.18,339.1,0.739,2043.42
15,18.64,2,Milho,2023-10-18,72587,20.28,46.7,5.97,240.3,0.637,4825.85
15,18.64,2,Milho,2024-12-08,75723,21.11,56.8,6.03,417.4,0.817,4878.51
7,9.36,3,Trigo,2023-01-12,196390,27.32,66.9,6.81,261.0,0.743,1949.52
16,18.76,3,Trigo,2024-09-24,209239,26.21,58.4,6.5,290.8,0.755,2285.34
6,16.7,3,Trigo,2024-03-01,170365,23.83,51.7,5.49,436.8,0.7,2595.67
3,59.9,3,Trigo,2024-05-05,200651,23.91,53.3,6.41,405.7,0.637,2514.44
17,27.82,2,Milho,2024-06-12,71460,17.57,55.2,6.26,638.2,0.779,4822.74
21,50.89,3,Trigo,2023-03-08,159204,25.18,52.7,5.91,367.1,0.558,2258.37
11,6.54,3,Trigo,2024-06-18,144989,21.14,71.1,6.8,498.9,0.695,2594.73
25,39.21,1,Soja,2024-03-26,291627,27.48,63.9,5.92,454.6,0.718,3662.95
22,15.46,1,Soja,2023-07-16,385655,33.46,63.1,6.17,582.8,0.714,2569.36
8,69.96,2,Milho,2023-07-01,71876,21.58,72.2,7.3,358.0,0.595,4692.97
5,16.7,1,Soja,2023-08-08,310082,23.82,48.1,6.3,545.2,0.648,3238.46
2,76.3,1,Soja,2023-10-27,313602,18.97,63.1,6.16,416.4,0.729,3264.97
16,18.76,1,Soja,2023-03-22,214207,27.87,44.9,5.74,462.0,0.484,2625.88
25,39.21,3,Trigo,2023-09-16,188196,25.93,60.5,6.57,419.4,0.637,2655.76
15,18.64,1,Soja,2024-11-18,316706,15.12,65.6,5.23,281.9,0.651,2872.97
21,50.89,2,Milho,2024-09-03,57588,25.68,61.1,7.33,314.3,0.697,5310.17
7,9.36,3,Trigo,2023-06-17,160508,20.33,56.1,7.17,416.3,0.692,2703.76
23,26.91,3,Trigo,2023-06-12,232211,33.71,59.3,5.61,382.2,0.752,1753.78
16,18.76,2,Milho,2024-01-30,73121,16.48,65.9,6.83,450.1,0.52,4634.63
8,69.96,2,Milho,2024-04-05,61735,19.94,55.9,5.84,480.6,0.56,5168.45
21,50.89,1,Soja,2023-10-14,298171,26.6,53.7,6.39,127.8,0.676,3055.62
1,33.09,3,Trigo,2024-02-14,189728,29.86,65.0,6.44,661.0,0.687,2448.29
25,39.21,1,Soja,2023-09-01,296395,28.89,52.6,7.02,490.0,0.62,3586.94
8,69.96,2,Milho,2023-02-25,47024,28.95,50.4,6.28,457.0,0.735,4177.13
23,26.91,1,Soja,2023-10-02,249828,24.85,52.1,6.97,320.7,0.581,2517.78
15,18.64,3,Trigo,2023-02-20,151557,21.58,32.9,6.75,603.0,0.715,2590.81
18,44.36,1,Soja,2024-08-10,330045,23.97,57.7,7.06,617.6,0.691,3427.25
4,49.9,1,Soja,2024-01-14,280820,25.64,46.4,7.0,533.7,0.606,3124.04
5,16.7,2,Milho,2024-10-25,79917,25.85,60.4,7.02,544.1,0.681,5591.43
22,15.46,2,Milho,2023-04-25,58721,31.24,52.8,5.88,371.7,0.541,4634.3
18,44.36,3,Trigo,2024-10-24,208897,18.38,41.3,6.32,476.7,0.602,2730.87
11,6.54,3,Trigo,2024-04-26,193831,21.37,63.5,5.75,556.8,0.667,2353.24
20,26.84,2,Milho,2023-05-20,73356,20.42,44.9,6.65,266.9,0.712,5551.86
17,27.82,3,Trigo,2024-07-21,130934,21.21,60.8,6.43,385.3,0.549,2350.31
18,44.36,2,Milho,2023-01-29,61246,17.74,42.6,6.88,530.5,0.621,5246.98
6,16.7,2,Milho,2024-02-25,63924,27.03,61.1,5.79,420.7,0.646,6137.84
16,18.76,3,Trigo,2023-08-17,206785,29.73,43.0,6.65,610.2,0.713,2963.52
9,50.08,2,Milho,2024-03-31,77507,25.0,65.5,6.37,452.9,0.615,4999.95
21,50.89,1,Soja,2023-06-17,241167,30.13,62.0,6.38,425.2,0.706,3288.99
25,39.21,2,Milho,2024-12-27,60954,26.5,63.9,6.0,464.8,0.845,5150.17
16,18.76,3,Trigo,2024-11-18,147207,29.93,55.0,5.66,583.6,0.758,2501.08
8,69.96,3,Trigo,2023-04-25,166725,28.92,71.9,6.58,344.4,0.849,2078.11
15,18.64,2,Milho,2023-01-14,57157,25.37,60.2,6.97,551.6,0.7,7182.56
23,26.91,1,Soja,2023-10-21,362920,24.97,43.5,6.49,425.5,0.826,2811.24
8,69.96,2,Milho,2023-01-24,67655,23.4,46.9,6.23,561.8,0.676,6355.48
11,6.54,2,Milho,2023-06-04,71562,26.52,47.0,6.75,374.2,0.675,5682.61
18,44.36,2,Milho,2024-09-10,59669,25.82,53.2,6.06,491.2,0.681,5809.65
5,16.7,1,Soja,2023-06-03,290340,23.29,39.5,6.05,415.8,0.624,3233.67
8,69.96,1,Soja,2023-07-23,284739,25.92,48.9,6.83,328.2,0.574,2858.93
23,26.91,2,Milho,2023-09-17,57586,22.18,56.8,6.6,383.1,0.609,5688.14
23,26.91,1,Soja,2023-08-09,253373,20.61,68.5,6.44,478.4,0.544,2841.55
3,59.9,1,Soja,2024-03-31,278018,23.62,37.2,6.26,350.0,0.742,3037.09
14,20.93,2,Milho,2023-12-01,61687,21.46,60.4,7.12,585.5,0.718,6121.01
18,44.36,2,Milho,2024-01-28,78632,22.88,63.5,6.28,281.4,0.645,5423.88
14,20.93,2,Milho,2023-09-21,61067,23.75,52.3,6.83,386.9,0.454,5710.75
7,9.36,1,Soja,2023-05-24,239334,31.62,71.3,7.41,430.9,0.68,2975.36
13,67.43,2,Milho,2023-04-14,68535,19.33,42.1,6.45,341.0,0.578,4539.71
23,26.91,3,Trigo,2023-07-28,174236,19.58,57.2,6.91,388.4,0.578,3145.51
25,39.21,1,Soja,2024-08-04,285574,24.78,60.2,5.81,368.1,0.582,3252.48
13,67.43,3,Trigo,2023-07-12,165384,26.14,67.3,5.98,505.0,0.441,2256.81
1,33.09,2,Milho,2024-11-03,77728,20.36,48.4,5.93,441.7,0.739,5303.72
10,58.11,2,Milho,2023-04-23,68063,13.01,50.0,6.04,616.6,0.611,5398.84
14,20.93,2,Milho,2024-03-25,65450,15.48,55.2,6.74,371.9,0.65,4998.44
24,32.48,3,Trigo,2023-11-16,188237,22.85,57.9,6.28,399.1,0.593,2441.06
18,44.36,3,Trigo,2023-05-07,188125,27.0,67.2,6.06,621.5,0.589,2334.13
8,69.96,3,Trigo,2023-06-22,212396,26.74,73.5,6.21,530.2,0.66,2162.66
8,69.96,2,Milho,2023-09-09,55621,26.98,60.1,6.4,533.4,0.504,5865.37
14,20.93,2,Milho,2024-09-11,63163,20.44,64.6,6.74,626.7,0.59,5133.78
1,33.09,2,Milho,2023-09-08,64558,22.43,50.3,5.72,318.6,0.68,5650.33
11,6.54,2,Milho,2024-01-02,77168,23.25,38.7,6.9,543.3,0.697,4679.24
22,15.46,3,Trigo,2023-10-21,167443,30.99,52.3,6.6,317.5,0.742,2351.4
24,32.48,2,Milho,2023-09-07,67160,28.89,52.4,6.48,381.6,0.468,4319.63
15,18.64,1,Soja,2024-03-11,288907,23.73,42.9,6.18,464.7,0.549,3240.03
20,26.84,1,Soja,2024-06-19,311548,26.17,57.0,6.43,602.7,0.723,3029.6
1,33.09,3,Trigo,2023-01-08,154297,20.16,59.7,6.55,471.3,0.559,2691.02
19,37.4,2,Milho,2024-12-16,65619,30.07,61.0,6.34,424.5,0.555,5158.0
22,15.46,3,Trigo,2023-08-05,183237,19.03,54.3,6.53,398.3,0.635,2920.84
3,59.9,1,Soja,2023-12-01,281155,26.23,41.6,6.54,264.3,0.758,2969.03
14,20.93,3,Trigo,2023-09-14,178293,29.3,66.5,6.04,320.6,0.586,2058.94
15,18.64,1,Soja,2023-12-18,346156,22.2,60.5,6.9,394.4,0.609,2726.0
2,76.3,1,Soja,2024-11-11,254107,22.45,58.4,7.28,446.8,0.599,3110.82
13,67.43,2,Milho,2024-04-24,63347,24.24,59.5,6.13,470.5,0.554,5952.34
7,9.36,2,Milho,2024-04-28,68226,24.63,52.8,5.98,187.8,0.764,5733.35
11,6.54,2,Milho,2024-03-22,58145,18.51,47.9,6.16,355.9,0.823,4583.59
25,39.21,2,Milho,2023-10-16,66224,24.82,51.2,6.13,306.0,0.621,6028.85
9,50.08,2,Milho,2023-06-18,78620,31.02,55.2,6.41,533.1,0.523,4541.26
9,50.08,2,Milho,2024-05-09,66215,30.53,71.3,6.05,414.2,0.677,5441.88
16,18.76,1,Soja,2024-09-08,348758,16.13,43.8,6.21,487.2,0.644,2336.22
24,32.48,1,Soja,2024-02-23,352320,24.57,52.7,6.26,630.9,0.581,2943.99
2,76.3,3,Trigo,2024-08-10,206765,23.48,60.8,5.95,552.7,0.815,2256.33
8,69.96,2,Milho,2024-11-16,47014,25.45,59.4,5.72,364.2,0.547,4694.19
3,59.9,3,Trigo,2023-04-27,161105,22.8,42.9,6.49,480.2,0.631,2993.49
2,76.3,3,Trigo,2023-04-30,182087,30.62,51.3,6.05,378.7,0.639,2515.39
8,69.96,1,Soja,2023-10-14,359797,24.29,50.9,6.26,445.5,0.477,3120.67
1,33.09,1,Soja,2023-07-20,274791,25.77,44.8,6.77,421.0,0.728,3237.1
5,16.7,3,Trigo,2023-11-08,157583,25.73,59.7,5.95,364.5,0.639,2609.37
5,16.7,1,Soja,2023-03-02,222713,22.52,61.8,5.91,448.7,0.584,2788.36
22,15.46,2,Milho,2023-10-16,68647,19.05,56.1,6.96,487.6,0.589,5172.4
19,37.4,1,Soja,2023-09-21,321007,21.22,72.0,5.87,638.1,0.564,2479.33
15,18.64,1,Soja,2023-07-09,320625,19.99,47.5,5.57,389.8,0.748,2901.89
9,50.08,3,Trigo,2023-10-17,170582,26.09,59.8,5.95,618.2,0.536,2419.16
6,16.7,2,Milho,2024-12-25,60058,27.57,73.3,6.1,535.5,0.878,4547.94
20,26.84,3,Trigo,2023-08-30,216739,16.48,66.4,6.4,561.4,0.704,2588.24
23,26.91,3,Trigo,2023-01-12,191280,20.19,48.2,5.91,549.6,0.74,3152.49
25,39.21,1,Soja,2024-03-09,336718,19.29,71.2,6.76,243.5,0.833,2418.32
10,58.11,1,Soja,2023-06-15,260485,19.8,62.6,6.99,533.4,0.678,2674.46
19,37.4,1,Soja,2023-12-16,292575,29.0,52.9,6.57,412.0,0.648,3406.66
10,58.11,1,Soja,2023-01-21,249803,19.72,74.1,5.66,472.7,0.751,2623.68
22,15.46,3,Trigo,2024-02-16,195709,27.75,47.3,6.3,473.6,0.57,2474.55
13,67.43,2,Milho,2023-10-24,67385,25.77,47.7,6.41,227.1,0.71,5844.25
7,9.36,3,Trigo,2024-05-11,210315,28.23,53.8,6.43,528.3,0.536,2694.59
19,37.4,1,Soja,2023-01-12,284879,20.38,66.7,6.63,682.9,0.562,3000.75
21,50.89,3,Trigo,2023-03-17,147562,26.59,70.4,5.97,404.7,0.678,2127.63
4,49.9,1,Soja,2023-01-10,301201,28.68,56.3,6.34,516.5,0.564,2760.36
25,39.21,3,Trigo,2024-03-19,179212,27.51,41.1,6.0,416.1,0.588,2695.61
22,15.46,2,Milho,2024-01-24,57435,29.11,58.4,5.7,321.0,0.818,4096.67
4,49.9,3,Trigo,2023-04-08,205893,28.55,45.8,6.46,657.8,0.72,2727.87
2,76.3,3,Trigo,2024-09-29,154631,31.04,55.0,5.71,503.9,0.859,2198.61
18,44.36,2,Milho,2023-04-02,74443,25.67,80.5,5.98,347.6,0.659,5901.82
22,15.46,2,Milho,2023-06-20,71678,28.42,59.8,6.3,379.3,0.541,5579.6
3,59.9,2,Milho,2024-10-17,60846,17.82,58.5,6.94,353.7,0.787,5930.83
21,50.89,3,Trigo,2023-05-19,210750,26.01,73.0,6.65,420.9,0.547,1998.21
1,33.09,2,Milho,2024-07-06,64295,30.51,32.4,5.71,476.2,0.552,4597.23
16,18.76,2,Milho,2023-02-15,51501,24.31,33.7,6.53,332.4,0.535,3708.53
14,20.93,1,Soja,2024-04-26,397783,18.58,74.9,5.91,470.7,0.701,2193.76
21,50.89,2,Milho,2024-02-29,59173,17.27,44.8,6.16,334.3,0.701,5711.77
23,26.91,2,Milho,2024-09-28,65991,28.76,36.5,6.76,472.2,0.789,4849.87
14,20.93,1,Soja,2024-10-24,244560,17.69,47.0,6.26,440.9,0.847,2663.0
24,32.48,1,Soja,2024-08-27,271730,29.96,54.5,5.88,581.4,0.693,3505.34
21,50.89,3,Trigo,2024-11-17,231171,25.74,29.7,6.64,465.1,0.628,1915.61
20,26.84,2,Milho,2023-11-18,63125,22.39,42.4,7.06,465.8,0.591,5800.05
25,39.21,3,Trigo,2023-06-07,206598,21.57,54.2,6.51,500.2,0.472,2757.46
15,18.64,2,Milho,2024-08-25,65414,29.54,67.4,6.59,267.4,0.825,4620.45
24,32.48,2,Milho,2024-03-17,60087,26.29,42.2,5.66,485.1,0.665,5341.67
9,50.08,3,Trigo,2023-06-15,167070,30.35,49.1,6.42,304.0,0.629,2338.99
8,69.96,2,Milho,2023-10-10,61989,23.49,49.4,4.84,696.4,0.759,5661.3
9,50.08,1,Soja,2023-02-15,321878,19.31,56.3,5.93,571.6,0.668,3016.7
8,69.96,2,Milho,2023-02-05,63250,24.7,41.6,6.09,465.8,0.605,5528.6
19,37.4,2,Milho,2023-03-31,62329,23.68,38.6,6.36,488.3,0.663,5105.26
22,15.46,3,Trigo,2024-02-09,178395,28.61,68.9,6.15,137.6,0.614,2081.51
11,6.54,2,Milho,2023-03-13,53849,21.94,56.1,6.55,340.1,0.763,4987.72
16,18.76,1,Soja,2023-03-12,298076,25.98,49.6,6.56,682.2,0.732,3416.31
6,16.7,2,Milho,2023-09-13,52781,22.57,60.0,6.13,390.5,0.71,4657.66
7,9.36,2,Milho,2024-12-15,51018,26.0,49.7,6.91,344.8,0.821,5019.07
9,50.08,2,Milho,2024-09-24,47319,25.9,56.6,6.12,420.0,0.543,4978.25
9,50.08,2,Milho,2024-01-15,81543,20.14,71.3,6.01,309.1,0.63,3650.62
23,26.91,3,Trigo,2024-03-09,145076,19.79,43.2,6.43,758.4,0.514,2518.51
18,44.36,2,Milho,2024-06-25,56380,23.8,53.4,6.47,624.1,0.738,6351.39
17,27.82,1,Soja,2024-06-20,372380,25.25,52.4,7.52,402.2,0.589,2618.57
3,59.9,1,Soja,2024-01-11,248031,16.64,54.7,6.62,464.8,0.639,3041.22
24,32.48,1,Soja,2024-02-06,337448,20.97,60.8,5.04,445.4,0.655,2971.04
16,18.76,2,Milho,2024-03-11,67295,22.81,68.1,6.46,473.3,0.523,4898.4
25,39.21,3,Trigo,2023-06-30,161872,21.45,60.2,5.38,263.3,0.836,2458.95
23,26.91,1,Soja,2023-03-06,284150,24.29,42.1,5.95,339.8,0.774,3222.52
21,50.89,2,Milho,2024-11-11,68837,26.42,53.9,6.8,678.4,0.725,6039.41
16,18.76,3,Trigo,2024-12-28,162022,20.11,65.1,6.47,422.7,0.568,3031.26
1,33.09,2,Milho,2023-06-24,69477,24.0,62.9,6.69,353.2,0.481,5435.33
10,58.11,1,Soja,2023-08-10,335785,26.77,62.3,5.81,415.9,0.769,2886.4
13,67.43,1,Soja,2024-01-04,279945,25.41,48.1,5.41,604.8,0.726,2782.91
8,69.96,3,Trigo,2023-07-16,186670,26.39,48.7,6.18,539.3,0.692,2604.09
22,15.46,2,Milho,2024-11-29,62663,25.48,39.9,5.72,447.2,0.577,5050.56
12,77.74,3,Trigo,2023-08-20,193769,25.03,57.1,6.69,398.3,0.691,2739.07
18,44.36,2,Milho,2024-11-20,56629,20.7,43.7,6.91,716.5,0.651,5487.59
12,77.74,3,Trigo,2023-08-16,194760,25.49,58.1,6.9,299.1,0.723,2409.84
24,32.48,2,Milho,2024-09-18,69426,25.35,59.0,5.94,551.5,0.765,5752.34
11,6.54,3,Trigo,2023-05-04,170161,24.29,53.5,6.9,440.0,0.538,2546.4
23,26.91,2,Milho,2023-05-19,68030,28.92,55.9,7.2,346.8,0.879,4700.66
9,50.08,2,Milho,2024-06-01,67660,28.87,65.6,6.74,412.2,0.593,5781.86
9,50.08,2,Milho,2023-02-04,72972,23.11,55.7,6.39,283.7,0.729,5045.58
4,49.9,1,Soja,2023-10-14,214696,25.7,55.4,5.58,292.1,0.678,2900.62
7,9.36,3,Trigo,2024-01-05,141164,23.37,43.6,6.31,475.8,0.594,2743.26
4,49.9,2,Milho,2023-11-05,46470,21.51,60.8,6.55,578.4,0.53,4771.48
18,44.36,3,Trigo,2024-01-10,174291,20.69,64.0,5.46,449.7,0.652,2756.78
6,16.7,3,Trigo,2023-02-09,184201,22.52,41.5,5.94,512.6,0.682,2599.48
7,9.36,1,Soja,2024-01-10,295740,23.27,42.7,5.56,624.7,0.731,2958.82
16,18.76,3,Trigo,2024-08-08,179443,21.23,35.3,6.35,695.0,0.678,2861.83
24,32.48,2,Milho,2024-07-04,53630,23.96,57.5,5.49,484.6,0.594,4967.84
25,39.21,3,Trigo,2024-08-20,191788,28.01,50.0,5.91,358.8,0.473,1959.04
20,26.84,3,Trigo,2024-10-01,153591,19.09,54.8,6.76,363.3,0.619,2523.46
4,49.9,2,Milho,2023-08-22,75426,25.86,49.5,6.46,343.8,0.668,5547.52
10,58.11,1,Soja,2023-05-04,265911,22.35,70.7,6.33,373.3,0.561,2748.16
12,77.74,1,Soja,2023-10-15,221259,19.13,56.6,5.85,511.6,0.653,2769.22
10,58.11,1,Soja,2024-04-16,279859,27.24,56.6,5.7,423.5,0.576,3159.32
23,26.91,1,Soja,2023-07-20,310771,22.47,53.8,6.1,307.9,0.61,3236.78
5,16.7,3,Trigo,2024-07-19,186974,24.73,67.0,5.56,404.4,0.617,2468.91
2,76.3,2,Milho,2024-08-13,61819,23.19,49.7,6.82,279.2,0.553,5749.71
18,44.36,1,Soja,2023-10-06,347332,25.52,52.2,6.13,356.2,0.548,3458.15
23,26.91,2,Milho,2024-05-23,68949,28.36,50.4,6.23,278.0,0.598,5874.76
21,50.89,1,Soja,2023-01-19,275833,19.57,43.9,6.87,467.1,0.592,2415.17
4,49.9,2,Milho,2023-02-28,59172,22.19,47.1,6.3,424.1,0.613,6022.75
19,37.4,1,Soja,2024-10-07,290150,30.61,70.5,7.51,393.6,0.607,3208.48
16,18.76,2,Milho,2023-09-29,63429,21.04,66.9,6.78,479.2,0.497,5541.23
15,18.64,2,Milho,2023-11-06,70586,24.7,58.0,6.25,380.9,0.36,5358.58
6,16.7,2,Milho,2024-02-20,73013,26.77,60.8,5.9,221.0,0.611,5953.15
9,50.08,1,Soja,2024-08-10,277826,26.84,51.7,6.85,435.1,0.593,3884.16
4,49.9,2,Milho,2024-06-30,66748,29.3,40.9,6.59,361.6,0.508,4767.78
13,67.43,1,Soja,2023-12-19,259447,20.62,46.2,5.01,457.2,0.745,2804.73
3,59.9,2,Milho,2023-11-23,66378,22.95,51.6,6.78,505.5,0.532,5983.3
21,50.89,3,Trigo,2024-06-17,205200,30.11,36.4,6.73,381.4,0.67,2214.24
2,76.3,3,Trigo,2024-03-12,190704,21.61,31.1,6.09,559.6,0.704,2705.8
5,16.7,1,Soja,2023-05-01,325205,18.88,58.1,7.22,309.9,0.702,2272.47
10,58.11,3,Trigo,2024-09-18,189077,21.07,73.9,6.32,542.3,0.589,2798.94
8,69.96,1,Soja,2024-02-17,303079,16.44,43.5,6.47,625.0,0.5,2730.14
18,44.36,1,Soja,2024-03-07,255060,26.27,44.5,6.98,646.9,0.965,2840.4
20,26.84,2,Milho,2023-05-25,58917,15.67,49.8,6.55,434.8,0.567,5763.68
20,26.84,3,Trigo,2023-07-22,171992,16.1,62.5,5.27,453.4,0.442,2827.34
25,39.21,1,Soja,2023-12-21,269583,25.44,78.9,6.49,438.0,0.49,2991.28
13,67.43,3,Trigo,2023-03-19,184967,22.05,61.3,6.31,281.3,0.552,2510.68
15,18.64,2,Milho,2024-09-08,78476,21.68,49.8,5.51,442.7,0.595,5743.11
19,37.4,2,Milho,2023-08-31,71417,21.29,51.8,5.91,418.8,0.81,6166.78
10,58.11,2,Milho,2023-11-29,71989,18.34,71.2,6.24,334.4,0.535,4127.29
20,26.84,3,Trigo,2024-03-21,250366,17.54,58.0,6.77,400.2,0.72,2231.22
20,26.84,1,Soja,2024-03-16,308832,25.57,57.4,6.03,464.9,0.721,3212.78
4,49.9,3,Trigo,2024-07-13,187963,27.85,52.6,6.67,483.5,0.555,2316.73
21,50.89,1,Soja,2024-10-25,293470,21.47,62.6,6.86,340.3,0.592,3402.1
9,50.08,1,Soja,2023-06-14,287775,22.22,56.1,6.12,209.1,0.611,3411.13
3,59.9,3,Trigo,2023-11-07,181987,21.21,51.4,6.32,442.9,0.599,3010.9
8,69.96,1,Soja,2023-03-05,356820,27.44,55.8,6.87,403.5,0.54,3001.69
18,44.36,1,Soja,2023-08-31,293537,24.89,65.2,6.69,527.9,0.731,3322.62
6,16.7,1,Soja,2023-07-26,354263,29.4,63.9,6.27,479.2,0.621,3267.85
14,20.93,1,Soja,2024-11-22,256631,24.93,48.2,5.75,379.4,0.792,3508.8
23,26.91,2,Milho,2024-06-25,63901,23.03,36.1,6.07,325.2,0.589,5459.2
16,18.76,3,Trigo,2023-04-21,183403,24.83,71.8,6.8,653.7,0.582,1898.56
2,76.3,2,Milho,2023-01-06,67703,28.28,67.7,6.24,403.4,0.644,5838.61
10,58.11,1,Soja,2024-06-07,205706,24.02,68.4,6.48,434.3,0.76,2837.8
10,58.11,3,Trigo,2024-12-06,161326,21.94,57.4,6.27,585.3,0.659,3159.24
15,18.64,3,Trigo,2023-05-29,208654,23.13,57.2,6.93,226.6,0.661,2388.28
22,15.46,1,Soja,2023-08-11,293574,22.81,52.5,6.79,364.6,0.496,3074.43
9,50.08,1,Soja,2024-11-17,261113,20.14,41.7,6.27,438.1,0.748,3032.65
19,37.4,3,Trigo,2023-05-15,178421,22.08,58.6,7.47,364.1,0.608,2810.98
7,9.36,3,Trigo,2023-11-12,172345,25.05,37.9,7.62,557.2,0.624,2510.14
4,49.9,2,Milho,2024-03-25,57242,11.97,60.7,6.42,319.2,0.551,4500.09
8,69.96,3,Trigo,2023-03-02,165480,21.49,52.9,5.71,245.4,0.657,2540.4
5,16.7,3,Trigo,2023-08-10,167955,27.19,36.4,6.32,517.0,0.836,2369.7
5,16.7,2,Milho,2024-01-25,66953,16.78,43.2,6.13,751.4,0.646,4232.26
2,76.3,1,Soja,2024-05-22,320179,25.11,55.1,5.51,612.7,0.589,2837.16
10,58.11,1,Soja,2023-11-12,342929,19.28,54.2,7.06,492.7,0.787,2729.54
24,32.48,3,Trigo,2023-06-23,178562,24.1,39.6,6.38,713.5,0.699,2844.11
10,58.11,3,Trigo,2023-04-12,161071,24.84,65.6,6.4,645.8,0.712,2367.52
4,49.9,2,Milho,2023-12-01,68948,27.99,52.1,6.68,415.0,0.644,6079.82
23,26.91,2,Milho,2024-05-17,64222,16.02,64.4,5.85,261.2,0.528,3894.1
23,26.91,2,Milho,2023-08-23,52904,21.61,45.3,6.27,493.7,0.859,5644.2
9,50.08,2,Milho,2024-03-19,58405,27.89,57.6,6.0,467.4,0.584,6026.67
18,44.36,3,Trigo,2024-09-06,183156,18.06,52.9,6.9,266.7,0.544,2423.45
15,18.64,2,Milho,2023-06-05,67349,20.83,71.5,5.94,379.8,0.526,5106.5
20,26.84,1,Soja,2024-11-27,230171,21.48,62.3,6.2,394.3,0.654,3161.25
14,20.93,1,Soja,2024-09-08,231152,25.53,68.9,5.78,402.4,0.633,2820.3
11,6.54,3,Trigo,2024-05-21,169955,20.95,65.4,6.0,558.1,0.82,2839.0
9,50.08,3,Trigo,2024-03-21,201518,19.39,59.2,7.08,425.9,0.473,2284.52
3,59.9,1,Soja,2024-10-10,236712,31.79,65.3,5.97,453.3,0.645,2655.87
22,15.46,1,Soja,2024-01-04,275881,21.76,43.5,5.88,318.0,0.639,2794.25
19,37.4,3,Trigo,2024-07-20,209887,26.37,61.8,6.45,351.0,0.678,2163.15
25,39.21,1,Soja,2024-01-21,315847,32.39,56.0,6.14,435.0,0.57,2550.28
9,50.08,3,Trigo,2023-04-08,160587,27.98,61.5,5.11,695.0,0.68,2388.75
2,76.3,3,Trigo,2024-04-02,208055,24.7,50.9,5.99,519.1,0.635,2603.11
16,18.76,1,Soja,2024-06-02,261431,25.3,49.7,6.72,287.1,0.56,3224.52
21,50.89,3,Trigo,2024-09-02,166462,27.77,68.3,6.96,492.3,0.563,2286.48
9,50.08,2,Milho,2023-09-22,45015,26.16,63.8,5.97,442.7,0.544,4334.29
19,37.4,1,Soja,2023-08-16,212357,26.44,47.5,6.32,441.8,0.673,2779.74
21,50.89,2,Milho,2024-05-13,58245,29.02,64.5,5.85,314.1,0.685,4940.82
3,59.9,2,Milho,2024-09-26,72966,22.07,53.7,6.78,353.7,0.642,5746.49
12,77.74,2,Milho,2023-06-28,66785,28.69,52.3,6.13,510.0,0.514,5546.69
11,6.54,2,Milho,2023-02-05,66603,26.72,52.9,6.89,521.6,0.448,5530.94
22,15.46,2,Milho,2024-03-01,67309,22.02,50.0,6.87,485.6,0.777,5426.44
6,16.7,1,Soja,2024-03-11,257704,18.67,62.5,7.0,636.9,0.702,3001.16
14,20.93,2,Milho,2023-09-15,75270,27.4,59.2,6.35,496.5,0.682,6185.09
16,18.76,3,Trigo,2024-05-28,184987,26.18,61.4,6.52,557.8,0.513,2409.6
22,15.46,2,Milho,2023-01-25,52241,19.22,57.9,5.88,516.4,0.647,5190.7
25,39.21,2,Milho,2024-01-01,76734,21.69,42.6,6.64,506.6,0.562,5114.62
2,76.3,3,Trigo,2023-08-14,190324,15.32,43.1,5.82,287.7,0.492,2414.61
3,59.9,2,Milho,2024-10-15,66206,25.52,57.9,5.93,444.1,0.699,6176.93
9,50.08,2,Milho,2023-08-09,67752,21.64,45.6,6.21,340.5,0.608,5797.15
4,49.9,2,Milho,2023-05-24,73271,20.41,68.5,5.67,686.7,0.692,5724.99
17,27.82,2,Milho,2023-07-14,57972,23.79,49.5,6.38,563.4,0.7,6160.16
22,15.46,1,Soja,2023-03-20,231106,21.45,56.3,6.34,632.8,0.513,2441.69
15,18.64,3,Trigo,2023-08-15,174223,25.48,60.8,6.25,443.1,0.691,2915.24
2,76.3,2,Milho,2023-07-07,70593,27.36,69.5,5.59,483.4,0.62,4659.63
17,27.82,1,Soja,2023-10-23,250832,20.41,57.2,6.7,381.5,0.735,3285.03
20,26.84,2,Milho,2023-04-10,61409,24.06,49.9,5.88,415.8,0.6,6506.49
21,50.89,2,Milho,2023-03-06,57123,19.29,73.2,6.02,549.8,0.671,5002.93
25,39.21,2,Milho,2024-09-07,75912,27.14,72.8,6.07,357.7,0.705,4399.98
7,9.36,1,Soja,2023-02-21,351650,26.18,33.3,6.3,469.0,0.622,3208.99
18,44.36,2,Milho,2024-10-09,59133,29.24,72.3,5.56,310.3,0.833,3662.66
10,58.11,1,Soja,2024-06-21,287614,24.27,34.8,7.02,388.5,0.656,3303.0
23,26.91,2,Milho,2023-01-06,70373,12.65,71.5,6.01,650.1,0.609,4638.0
4,49.9,2,Milho,2024-03-05,60685,21.33,47.7,6.85,501.0,0.496,5792.53
21,50.89,1,Soja,2023-11-24,299715,27.35,40.5,6.27,274.2,0.781,3052.9
8,69.96,3,Trigo,2023-12-21,220407,27.26,56.3,6.19,616.7,0.714,2115.32
6,16.7,3,Trigo,2023-12-05,235388,23.86,57.8,6.21,494.1,0.637,2207.09
18,44.36,2,Milho,2024-02-01,62734,22.74,45.6,6.42,353.7,0.798,5463.39
18,44.36,1,Soja,2023-10-24,250606,22.11,57.0,6.5,517.0,0.388,3419.06
3,59.9,2,Milho,2024-03-03,73846,25.92,44.4,6.71,334.5,0.719,5641.52
4,49.9,1,Soja,2023-02-27,273026,25.01,43.3,5.91,557.7,0.763,2894.65
4,49.9,2,Milho,2023-07-25,69215,18.23,50.2,6.26,479.2,0.745,5229.28
5,16.7,3,Trigo,2024-07-30,212134,23.21,50.2,6.36,270.5,0.746,2236.24
23,26.91,2,Milho,2024-08-14,64690,26.31,53.7,7.0,391.9,0.746,5664.5
17,27.82,2,Milho,2024-08-10,79984,26.37,50.4,6.68,465.2,0.532,5269.66
9,50.08,3,Trigo,2023-01-13,172410,26.89,56.1,6.8,512.2,0.653,2656.95
16,18.76,2,Milho,2023-02-22,68253,11.32,55.3,7.3,439.4,0.809,4570.17
8,69.96,2,Milho,2023-05-06,70611,25.16,64.6,5.9,454.1,0.513,5804.47
18,44.36,2,Milho,2024-12-15,80990,25.98,24.0,6.36,383.5,0.688,5358.62
13,67.43,1,Soja,2023-03-07,311798,28.42,52.4,6.18,401.2,0.597,3061.22
20,26.84,1,Soja,2024-07-29,310447,29.12,61.6,5.67,543.7,0.553,3382.49
24,32.48,3,Trigo,2023-04-03,155629,19.27,52.5,6.81,545.6,0.652,3024.81
3,59.9,1,Soja,2024-01-27,348347,24.08,65.8,6.14,57.0,0.568,2973.82
25,39.21,2,Milho,2024-08-30,59794,17.24,45.2,7.68,413.3,0.723,4138.37
11,6.54,2,Milho,2023-03-19,64585,23.32,46.2,6.04,223.0,0.611,5518.55
9,50.08,3,Trigo,2024-02-02,162302,15.8,62.4,6.55,443.1,0.51,2561.33
10,58.11,1,Soja,2024-07-08,272985,17.62,61.6,5.83,443.2,0.616,3180.47
10,58.11,3,Trigo,2024-02-16,158139,26.64,47.0,6.45,420.3,0.782,2726.23
19,37.4,3,Trigo,2023-04-03,137304,22.88,54.7,5.64,531.6,0.63,2382.99
16,18.76,3,Trigo,2024-05-27,182324,27.48,43.1,6.59,524.4,0.459,2431.86
15,18.64,1,Soja,2023-10-02,307474,20.96,57.5,7.1,426.2,0.562,2953.38
16,18.76,3,Trigo,2024-08-08,243725,15.29,49.7,6.02,507.5,0.388,2222.44
11,6.54,2,Milho,2024-02-28,62791,24.6,48.6,6.33,368.7,0.692,5931.79
25,39.21,3,Trigo,2023-08-08,179091,21.25,41.5,6.26,247.8,0.669,2822.63
13,67.43,3,Trigo,2023-02-09,168672,21.91,55.4,6.93,761.3,0.764,2692.51
11,6.54,2,Milho,2023-08-21,75991,18.64,59.3,5.96,566.1,0.749,4626.02
23,26.91,1,Soja,2023-06-27,329983,25.9,50.8,6.55,474.1,0.608,3397.43
19,37.4,1,Soja,2024-04-19,299606,20.71,42.8,6.02,435.1,0.544,2338.52
8,69.96,2,Milho,2024-07-18,68047,19.52,50.7,6.49,284.8,0.505,4806.51
2,76.3,2,Milho,2024-05-31,75602,22.01,43.5,6.43,351.2,0.598,5452.94
24,32.48,2,Milho,2024-02-09,72124,24.63,50.8,5.73,500.5,0.75,5857.66
23,26.91,2,Milho,2024-10-14,60990,30.65,58.1,6.59,619.7,0.695,5125.27
13,67.43,2,Milho,2023-12-05,82160,24.95,50.0,5.8,443.9,0.625,5246.16
21,50.89,3,Trigo,2024-04-29,144998,22.16,60.4,6.3,597.6,0.748,2814.71
16,18.76,1,Soja,2023-02-17,340951,23.18,77.1,6.9,298.9,0.729,2684.18
5,16.7,1,Soja,2023-05-23,244428,24.96,67.5,6.69,566.3,0.683,3260.49
19,37.4,3,Trigo,2024-12-06,200019,28.24,43.7,6.22,512.8,0.637,2528.38
4,49.9,2,Milho,2024-10-05,76622,21.38,52.6,5.83,584.3,0.621,6165.34
4,49.9,2,Milho,2023-10-07,60914,23.68,34.3,5.82,502.7,0.426,5685.58
15,18.64,3,Trigo,2024-01-18,220894,19.21,63.9,6.44,432.3,0.706,2422.38
24,32.48,1,Soja,2024-03-27,264901,24.28,85.1,6.61,369.7,0.628,2494.4
14,20.93,1,Soja,2023-02-08,281863,26.85,86.1,6.7,348.2,0.608,2627.42
5,16.7,3,Trigo,2023-06-30,175670,22.68,68.4,6.95,412.6,0.773,2574.66
16,18.76,1,Soja,2024-12-16,279529,30.39,62.3,6.3,421.5,0.658,2790.89
11,6.54,2,Milho,2024-11-20,45227,32.17,50.3,6.39,258.7,0.629,3238.98
23,26.91,3,Trigo,2024-02-29,211358,19.87,50.6,6.94,451.7,0.526,2803.27
21,50.89,2,Milho,2024-12-07,62942,26.15,57.3,6.75,393.7,0.653,5181.08
11,6.54,1,Soja,2024-04-03,267487,30.5,58.8,6.55,246.9,0.633,3246.66
18,44.36,3,Trigo,2024-12-24,190729,28.28,54.9,5.4,370.3,0.459,2419.49
11,6.54,2,Milho,2024-10-06,65155,25.37,52.3,5.69,315.4,0.721,5327.72
23,26.91,3,Trigo,2024-09-17,183573,22.3,42.3,6.08,221.8,0.525,2613.78
18,44.36,2,Milho,2024-01-04,52557,23.92,57.9,5.71,423.6,0.711,5361.93
20,26.84,1,Soja,2024-10-05,230661,24.4,70.4,6.34,659.1,0.855,3062.83
8,69.96,1,Soja,2023-01-16,271456,27.83,78.2,6.29,510.6,0.658,2741.54
22,15.46,3,Trigo,2024-10-23,148091,21.18,59.5,5.7,390.0,0.64,2441.78
8,69.96,2,Milho,2024-05-15,65624,20.93,55.7,6.81,510.2,0.675,6190.61
3,59.9,3,Trigo,2024-01-13,238478,24.81,55.8,5.79,479.6,0.55,1758.88
4,49.9,2,Milho,2023-01-08,60284,23.84,41.0,6.23,512.3,0.817,4690.56
23,26.91,3,Trigo,2023-10-27,178738,27.27,51.7,5.83,372.0,0.711,2286.32
15,18.64,1,Soja,2023-01-08,318143,24.6,56.0,6.52,551.3,0.689,3039.51
23,26.91,1,Soja,2024-09-09,283004,24.2,50.6,6.02,525.9,0.588,3717.72
1,33.09,2,Milho,2024-09-06,67604,27.63,56.2,6.24,424.6,0.725,7062.34
11,6.54,1,Soja,2023-05-18,253293,20.59,54.6,5.42,464.4,0.566,2688.76
10,58.11,1,Soja,2023-11-19,338944,25.09,34.3,6.25,451.9,0.729,3041.62
12,77.74,2,Milho,2024-07-05,75949,23.4,45.1,6.02,312.1,0.676,4749.37
5,16.7,2,Milho,2024-02-13,61429,18.79,36.5,6.24,451.9,0.672,4831.73
17,27.82,1,Soja,2023-09-28,267923,25.47,64.9,6.39,480.5,0.588,2718.86
19,37.4,2,Milho,2023-02-05,62304,26.22,49.1,5.38,398.6,0.753,5268.69
6,16.7,3,Trigo,2023-03-27,137270,27.7,57.6,6.22,570.0,0.894,2424.15
6,16.7,1,Soja,2024-08-12,315972,19.9,55.6,6.35,320.6,0.632,2957.59
20,26.84,1,Soja,2023-06-30,277024,26.02,46.6,6.62,453.7,0.417,3124.62
20,26.84,2,Milho,2023-10-24,72663,35.74,44.3,6.09,499.9,0.71,5812.91
8,69.96,3,Trigo,2023-10-28,196911,26.02,59.0,5.87,715.5,0.689,2402.44
19,37.4,2,Milho,2024-03-04,64893,23.59,46.6,6.68,528.5,0.747,5712.04
8,69.96,1,Soja,2024-10-17,278120,17.76,58.1,6.63,401.9,0.732,2938.69
21,50.89,2,Milho,2023-11-02,81180,20.73,43.7,6.09,361.4,0.487,4864.89
15,18.64,2,Milho,2024-10-14,62097,20.88,47.3,6.88,371.0,0.696,5403.26
22,15.46,2,Milho,2024-08-12,70591,18.66,62.2,6.95,760.5,0.53,4472.46
15,18.64,1,Soja,2024-05-21,311079,27.13,61.1,5.26,531.3,0.542,3465.25
22,15.46,2,Milho,2024-06-24,68653,19.13,68.6,6.0,559.3,0.807,4424.3
6,16.7,3,Trigo,2023-12-02,187101,20.33,75.1,6.58,541.7,0.552,2677.34
15,18.64,1,Soja,2023-10-31,349348,23.48,46.5,5.92,332.6,0.623,2609.55
19,37.4,2,Milho,2023-09-04,70236,24.75,53.2,6.99,331.9,0.605,5563.52
21,50.89,2,Milho,2023-01-03,66742,28.34,57.1,6.4,448.9,0.598,6015.21
23,26.91,2,Milho,2023-08-11,62623,17.01,67.3,6.21,329.3,0.552,4217.74
15,18.64,2,Milho,2023-07-28,60509,22.61,62.7,5.77,501.3,0.48,5414.9
7,9.36,2,Milho,2024-12-23,74091,30.7,53.4,6.06,524.4,0.292,4443.93
16,18.76,2,Milho,2024-09-30,57760,24.67,66.6,6.03,557.4,0.487,4518.5
8,69.96,1,Soja,2024-12-02,290555,22.9,48.7,6.15,367.2,0.654,3195.57
19,37.4,2,Milho,2023-12-05,55995,29.45,52.0,6.06,640.7,0.526,4377.96
19,37.4,2,Milho,2023-06-21,60805,23.73,53.4,7.23,503.5,0.652,5864.83
23,26.91,2,Milho,2023-06-05,52899,20.36,71.8,6.72,452.8,0.785,4529.65
1,33.09,2,Milho,2024-03-13,59967,15.29,65.9,5.56,504.8,0.625,4927.32
13,67.43,3,Trigo,2024-10-25,182277,16.43,58.1,5.71,402.3,0.703,2647.91
1,33.09,2,Milho,2024-03-28,69694,24.03,64.1,6.1,289.9,0.622,5206.25
22,15.46,3,Trigo,2023-07-13,150522,21.16,61.4,6.11,212.9,0.593,2510.45
2,76.3,3,Trigo,2023-12-03,147145,19.24,53.3,5.1,275.2,0.608,2589.72
24,32.48,3,Trigo,2023-02-08,178499,26.75,48.9,6.27,592.1,0.684,2555.3
10,58.11,2,Milho,2023-08-02,70443,21.47,50.8,5.74,475.8,0.727,5722.01
20,26.84,1,Soja,2023-02-05,255675,25.28,40.9,6.08,463.3,0.82,3293.79
8,69.96,2,Milho,2023-08-23,64902,29.6,53.5,5.87,212.5,0.623,5578.55
7,9.36,3,Trigo,2023-08-15,189543,25.17,57.5,6.14,465.0,0.802,2580.74
9,50.08,3,Trigo,2024-10-06,209604,22.0,28.8,5.65,524.4,0.437,2517.04
25,39.21,3,Trigo,2024-11-28,170388,14.46,62.5,6.37,501.4,0.579,2635.12
25,39.21,3,Trigo,2024-04-27,210199,28.09,40.9,6.23,374.9,0.664,2009.13
22,15.46,3,Trigo,2023-11-15,201044,26.81,60.3,6.38,284.2,0.602,2178.5
21,50.89,1,Soja,2023-04-25,289916,13.87,47.1,5.91,665.9,0.736,2900.99
21,50.89,1,Soja,2024-03-29,273538,26.02,61.3,5.68,269.7,0.575,3096.49
2,76.3,3,Trigo,2023-07-24,174508,21.54,55.2,5.61,404.0,0.704,2690.25
15,18.64,2,Milho,2024-06-29,62170,29.26,57.1,6.22,750.1,0.544,4282.16
19,37.4,1,Soja,2024-03-03,367931,27.81,41.6,7.37,388.8,0.723,2274.67
24,32.48,2,Milho,2024-04-29,70109,22.03,68.3,5.81,498.8,0.633,5461.05
3,59.9,1,Soja,2024-10-03,308396,18.2,62.7,6.32,229.3,0.338,2643.46
11,6.54,2,Milho,2023-06-30,57014,24.13,61.9,6.84,533.0,0.677,5759.56
14,20.93,3,Trigo,2023-04-24,180174,21.87,50.2,5.74,687.1,0.542,2512.55
7,9.36,1,Soja,2023-05-14,271041,31.6,65.2,7.12,496.9,0.767,2756.03
18,44.36,1,Soja,2024-04-18,286406,13.04,39.8,6.77,476.9,0.7,2674.57
17,27.82,2,Milho,2024-03-08,64171,25.64,52.2,6.36,505.1,0.631,5894.81
9,50.08,3,Trigo,2024-06-09,184594,27.88,53.3,6.68,459.2,0.512,2440.13
9,50.08,1,Soja,2024-02-22,286959,28.15,55.9,6.04,143.6,0.633,3346.74
10,58.11,2,Milho,2023-07-26,69897,23.38,74.9,6.07,444.0,0.525,5351.25
11,6.54,3,Trigo,2024-04-02,187461,20.76,58.7,5.93,553.8,0.665,2732.67
15,18.64,1,Soja,2023-11-20,302994,26.83,68.3,6.59,411.7,0.704,3868.61
5,16.7,1,Soja,2023-12-04,337545,27.04,37.6,6.0,638.2,0.795,3130.6
22,15.46,1,Soja,2024-09-19,289015,24.33,38.2,6.15,437.2,0.488,3278.91
22,15.46,3,Trigo,2024-07-01,144093,23.78,45.8,6.3,272.6,0.601,2378.49
18,44.36,2,Milho,2023-06-16,74439,26.87,56.6,6.67,454.6,0.411,6257.46
3,59.9,2,Milho,2023-12-22,61010,18.72,55.2,6.39,611.4,0.686,4912.01
1,33.09,2,Milho,2024-01-14,63311,22.63,49.2,5.93,244.0,0.513,5854.23
18,44.36,2,Milho,2023-05-05,69191,24.27,37.5,6.47,324.3,0.821,4781.76
15,18.64,1,Soja,2024-10-15,219223,21.02,53.4,6.29,379.1,0.643,2898.78
22,15.46,2,Milho,2023-12-12,56710,27.89,58.0,5.91,677.8,0.659,6135.86
22,15.46,3,Trigo,2023-04-29,172874,25.59,58.6,6.46,423.9,0.688,2812.95
19,37.4,2,Milho,2024-02-08,55281,22.26,72.2,5.92,377.5,0.605,4225.38
21,50.89,2,Milho,2023-08-23,61967,23.08,56.0,6.47,443.3,0.612,6307.23
4,49.9,2,Milho,2023-03-11,57059,26.32,69.1,5.99,461.9,0.684,5368.84
8,69.96,3,Trigo,2024-02-02,148880,18.14,56.2,6.27,508.8,0.725,2792.31
1,33.09,2,Milho,2024-12-15,56661,23.82,42.7,7.0,287.3,0.63,5258.99
18,44.36,3,Trigo,2023-01-30,165336,22.67,64.7,5.96,221.4,0.676,2326.38
20,26.84,2,Milho,2024-12-23,52012,24.43,51.8,6.61,440.4,0.671,6178.3
21,50.89,1,Soja,2023-02-19,243568,23.34,49.3,5.99,355.8,0.71,3191.96
21,50.89,1,Soja,2024-09-20,383928,24.12,62.0,5.68,367.9,0.696,2787.53
23,26.91,2,Milho,2024-05-21,79808,26.36,83.2,5.1,410.5,0.48,4182.18
21,50.89,2,Milho,2024-11-17,59805,22.86,53.9,7.85,419.0,0.701,5721.12
4,49.9,2,Milho,2024-05-29,64003,23.05,74.1,5.21,441.9,0.769,4277.5
2,76.3,1,Soja,2024-02-27,327366,28.41,69.4,6.41,349.0,0.406,2906.07
10,58.11,1,Soja,2023-11-11,374450,24.7,73.3,6.6,372.1,0.622,2642.94
4,49.9,2,Milho,2023-01-19,71564,24.64,68.6,6.18,435.6,0.54,5198.76
8,69.96,1,Soja,2024-02-22,241736,22.32,37.8,5.7,529.5,0.539,3122.93
5,16.7,3,Trigo,2023-11-23,165865,26.88,49.5,7.76,330.7,0.558,2187.51
15,18.64,2,Milho,2023-05-24,58689,22.12,45.9,7.09,341.9,0.404,4966.6
22,15.46,2,Milho,2023-08-15,60201,28.97,67.3,6.13,234.7,0.593,4382.87
23,26.91,3,Trigo,2023-07-24,192202,21.21,58.3,5.85,286.8,0.773,2973.67
14,20.93,3,Trigo,2023-07-06,142488,20.73,58.2,5.1,617.1,0.717,2261.32
24,32.48,3,Trigo,2023-06-14,145235,30.69,53.6,5.46,535.6,0.627,2047.31
5,16.7,3,Trigo,2023-10-07,207295,25.8,65.1,5.51,579.8,0.654,2185.25
21,50.89,2,Milho,2024-05-02,44488,13.91,35.1,5.96,428.0,0.54,3449.04
16,18.76,1,Soja,2024-05-10,264259,26.02,54.1,6.93,498.7,0.627,3449.68
14,20.93,3,Trigo,2024-09-20,184076,16.51,51.0,6.54,510.7,0.849,2597.89
2,76.3,2,Milho,2024-11-21,68226,16.99,46.4,6.64,470.0,0.768,4922.48
12,77.74,3,Trigo,2024-07-28,159012,20.82,53.4,6.03,797.0,0.678,2990.73
15,18.64,1,Soja,2024-03-23,238222,28.98,77.3,5.64,542.6,0.65,2980.83
8,69.96,2,Milho,2024-07-29,66074,27.33,44.0,5.44,301.6,0.607,4855.69
4,49.9,2,Milho,2024-12-23,69820,21.13,63.1,6.57,553.0,0.638,5702.07
12,77.74,3,Trigo,2024-04-05,195074,32.22,41.6,6.19,838.8,0.74,2590.91
21,50.89,3,Trigo,2024-04-29,126156,25.35,49.1,6.79,450.1,0.719,2221.11
2,76.3,2,Milho,2023-01-07,73107,21.45,57.9,5.7,504.4,0.673,6127.48
9,50.08,2,Milho,2023-10-15,65327,31.97,58.9,7.1,381.7,0.57,5024.91
4,49.9,1,Soja,2024-06-13,288603,22.42,64.4,5.69,486.8,0.526,3285.5
3,59.9,2,Milho,2024-05-04,60616,25.87,43.3,5.74,374.3,0.556,5047.66
7,9.36,3,Trigo,2023-06-29,150562,27.35,35.9,6.03,581.9,0.631,2368.16
21,50.89,3,Trigo,2024-05-19,189980,32.71,56.9,6.23,565.7,0.675,3198.05
1,33.09,3,Trigo,2023-08-26,178911,22.9,53.9,6.15,383.7,0.665,2673.4
11,6.54,1,Soja,2023-08-31,302773,17.46,50.8,6.55,343.1,0.507,2953.13
5,16.7,1,Soja,2023-02-22,288844,17.22,60.9,6.66,549.3,0.747,3639.14
7,9.36,3,Trigo,2024-04-13,158473,24.44,50.8,6.3,633.9,0.515,2715.67
25,39.21,1,Soja,2024-09-27,370642,28.08,66.8,5.95,569.5,0.666,3823.76
7,9.36,3,Trigo,2024-02-26,173176,24.2,62.2,6.12,736.6,0.668,2258.83
7,9.36,3,Trigo,2023-08-12,159139,28.39,51.6,6.57,529.5,0.664,2965.68
11,6.54,1,Soja,2024-05-18,312808,18.89,46.0,5.63,610.4,0.805,2934.32
20,26.84,1,Soja,2023-01-25,294578,24.54,42.0,5.97,358.1,0.641,3260.34
9,50.08,1,Soja,2024-12-20,329529,26.98,55.9,6.22,345.5,0.657,2972.43
5,16.7,1,Soja,2023-01-01,307204,24.35,62.1,6.41,524.9,0.54,3119.42
9,50.08,3,Trigo,2023-04-30,161831,20.42,65.6,7.47,346.7,0.703,2628.39
4,49.9,1,Soja,2023-04-26,266151,18.94,47.4,6.49,265.8,0.605,2807.22
1,33.09,3,Trigo,2024-10-05,160547,23.54,56.5,5.92,475.2,0.803,2757.49
1,33.09,1,Soja,2023-07-26,259846,29.99,46.8,6.17,453.9,0.832,3222.74
8,69.96,2,Milho,2023-08-25,64632,28.36,49.3,6.32,564.7,0.602,5802.81
11,6.54,3,Trigo,2023-09-07,212263,26.73,68.3,7.4,406.4,0.507,2142.56
6,16.7,1,Soja,2023-01-01,263279,20.91,46.3,6.66,503.8,0.634,2873.88
2,76.3,2,Milho,2023-07-05,62091,17.74,35.6,6.75,292.2,0.473,4766.64
24,32.48,1,Soja,2024-09-17,247180,23.35,59.4,5.86,465.9,0.612,3240.82
17,27.82,2,Milho,2023-04-26,66559,22.95,77.4,5.83,338.3,0.803,5641.24
24,32.48,1,Soja,2023-11-17,351143,23.76,47.5,6.51,590.1,0.648,3418.75
16,18.76,1,Soja,2024-07-30,279582,19.69,54.6,5.35,234.5,0.492,2426.28
25,39.21,2,Milho,2023-05-24,77656,21.79,44.0,7.45,674.1,0.534,4556.03
17,27.82,2,Milho,2023-02-09,52158,24.52,76.6,5.37,389.5,0.706,4323.27
4,49.9,3,Trigo,2023-10-20,179193,24.05,43.0,6.17,614.4,0.77,2666.17
17,27.82,2,Milho,2023-07-08,61348,31.52,56.9,6.78,363.0,0.562,5318.6
20,26.84,1,Soja,2023-12-26,314417,23.11,64.7,5.98,456.3,0.574,3280.03
24,32.48,1,Soja,2024-04-17,314856,20.24,46.5,6.58,529.1,0.605,2990.43
17,27.82,3,Trigo,2023-05-04,171054,26.15,61.4,5.45,570.8,0.593,2892.65
15,18.64,2,Milho,2023-09-20,61902,25.21,32.7,6.1,541.1,0.677,5059.57
1,33.09,3,Trigo,2023-04-13,183491,29.67,62.7,6.22,487.0,0.59,2468.95
16,18.76,1,Soja,2024-05-03,395676,27.88,52.2,6.43,357.1,0.611,2652.42
14,20.93,2,Milho,2023-01-23,66486,27.64,53.2,5.7,456.8,0.661,6245.03
4,49.9,3,Trigo,2023-05-27,196740,28.08,61.7,5.79,411.8,0.504,2324.62
23,26.91,2,Milho,2023-11-27,55927,26.02,59.4,5.7,531.4,0.557,5081.52
3,59.9,2,Milho,2023-06-02,60069,21.66,63.8,6.25,486.8,0.595,6004.14
11,6.54,1,Soja,2024-11-04,301151,16.21,64.8,5.89,552.8,0.643,2920.1
5,16.7,3,Trigo,2024-04-09,159557,28.85,61.9,5.76,431.7,0.805,2712.5
5,16.7,1,Soja,2024-10-14,243490,28.93,54.9,6.11,606.7,0.601,3169.26
20,26.84,2,Milho,2024-01-18,66422,26.48,49.6,6.86,296.1,0.722,5467.75
19,37.4,3,Trigo,2023-03-14,177158,26.76,50.6,6.37,444.6,0.557,2497.05
23,26.91,3,Trigo,2024-12-01,177114,23.34,64.7,6.61,251.5,0.547,1868.77
13,67.43,2,Milho,2024-02-07,52640,18.58,62.3,5.26,421.8,0.865,3607.62
17,27.82,3,Trigo,2024-06-18,134795,18.0,64.1,6.55,524.9,0.507,2472.64
15,18.64,2,Milho,2023-12-21,75195,20.72,50.7,6.17,427.5,0.762,5533.18
20,26.84,3,Trigo,2024-03-03,211427,28.39,55.3,6.52,419.2,0.516,2417.6
4,49.9,2,Milho,2024-12-22,53622,21.94,53.7,6.52,602.2,0.648,5886.21
4,49.9,3,Trigo,2023-12-31,163293,27.02,45.3,7.16,566.7,0.558,2226.49
21,50.89,3,Trigo,2024-01-22,192606,27.52,40.7,6.47,352.3,0.613,2628.54
24,32.48,3,Trigo,2024-12-09,181120,29.35,69.8,5.78,431.7,0.586,2358.69
14,20.93,1,Soja,2023-07-30,290836,25.46,48.2,5.66,627.1,0.699,2876.77
8,69.96,2,Milho,2024-01-25,63271,20.71,60.7,5.87,280.0,0.483,4827.8
11,6.54,2,Milho,2023-12-18,62750,18.07,41.6,6.37,410.9,0.515,4807.12
13,67.43,2,Milho,2023-12-22,61482,26.11,64.6,5.6,333.1,0.572,4809.91
24,32.48,2,Milho,2024-11-14,60047,14.99,58.4,6.16,566.4,0.54,4377.6
11,6.54,1,Soja,2024-05-09,360501,19.98,61.2,5.46,528.9,0.636,2511.39
11,6.54,2,Milho,2023-07-06,62482,20.6,50.2,6.57,370.4,0.654,5871.26
9,50.08,3,Trigo,2024-02-15,172892,14.48,43.6,5.78,523.6,0.689,3003.25
5,16.7,2,Milho,2024-02-07,53744,20.46,51.7,6.65,749.8,0.627,5437.62
16,18.76,3,Trigo,2023-03-12,191813,29.28,73.2,6.52,514.7,0.772,2297.88
3,59.9,1,Soja,2024-05-09,245198,23.73,51.4,6.91,304.8,0.694,3174.98
3,59.9,1,Soja,2023-07-03,352216,22.97,55.5,6.4,518.2,0.58,2836.53
4,49.9,2,Milho,2024-05-23,66154,20.95,51.9,6.37,365.6,0.819,4430.46
24,32.48,3,Trigo,2023-10-18,192529,25.36,64.0,5.43,426.3,0.767,2294.27
5,16.7,2,Milho,2024-05-21,71562,26.32,59.6,7.07,600.6,0.581,5149.7
2,76.3,3,Trigo,2023-01-30,98638,26.78,49.7,6.05,341.5,0.47,1942.32
18,44.36,3,Trigo,2023-07-17,194544,24.33,51.3,5.51,351.9,0.689,2354.61
11,6.54,3,Trigo,2023-04-06,176505,28.63,45.2,6.63,364.2,0.64,2607.69
4,49.9,3,Trigo,2024-10-21,213652,23.57,66.1,6.64,618.2,0.62,2245.09
12,77.74,2,Milho,2024-11-17,54640,29.89,25.1,5.76,519.9,0.702,4632.91
25,39.21,3,Trigo,2023-12-08,154803,32.57,50.3,6.38,588.7,0.589,2576.48
24,32.48,2,Milho,2023-02-07,73380,16.83,58.7,6.1,406.2,0.6,3962.48
10,58.11,1,Soja,2024-07-11,252889,29.72,52.4,5.86,482.3,0.628,3563.38
10,58.11,3,Trigo,2024-02-28,193042,21.51,43.6,6.11,498.2,0.505,2207.66
4,49.9,2,Milho,2023-05-05,66502,27.65,59.2,6.27,245.8,0.569,4992.8
17,27.82,3,Trigo,2024-12-01,208158,24.81,64.2,6.64,536.8,0.815,2254.16
5,16.7,1,Soja,2024-11-29,290989,27.07,55.0,6.84,733.8,0.506,2542.66
16,18.76,3,Trigo,2023-11-24,185821,24.77,44.1,6.23,631.8,0.691,2435.44
4,49.9,1,Soja,2023-07-05,247513,22.43,47.4,5.92,402.8,0.688,2918.04
18,44.36,2,Milho,2024-04-12,55062,23.83,39.2,6.0,521.6,0.536,4811.61
4,49.9,2,Milho,2024-05-18,67702,28.42,57.0,6.43,408.7,0.575,5314.82
19,37.4,2,Milho,2024-11-20,66850,31.27,58.8,5.83,506.0,0.638,5322.04
14,20.93,1,Soja,2024-10-20,263037,27.33,48.7,6.73,125.1,0.578,2677.1
25,39.21,3,Trigo,2024-09-29,183594,23.14,50.0,6.42,607.8,0.778,2739.43
20,26.84,3,Trigo,2024-11-11,166255,27.74,62.8,6.32,342.3,0.585,2182.16
21,50.89,3,Trigo,2023-12-09,152205,25.07,42.5,6.41,362.5,0.472,2115.3
1,33.09,3,Trigo,2024-12-10,153011,25.89,48.0,6.18,506.0,0.702,2752.52
22,15.46,3,Trigo,2023-08-22,151009,28.51,54.2,6.7,430.4,0.769,2476.62
9,50.08,3,Trigo,2023-11-08,215719,22.35,55.3,7.03,415.1,0.757,2941.26
6,16.7,1,Soja,2024-01-31,308932,25.14,46.7,6.1,440.9,0.75,3506.24
23,26.91,2,Milho,2024-05-07,74577,26.27,65.9,6.47,150.9,0.6,4809.18
11,6.54,2,Milho,2024-10-29,61240,23.11,57.5,5.95,243.9,0.492,5299.86
1,33.09,2,Milho,2024-03-09,56776,26.46,60.1,6.71,489.8,0.944,4699.59
5,16.7,1,Soja,2023-10-15,308180,22.43,39.9,5.9,529.2,0.608,2975.51
22,15.46,3,Trigo,2023-05-07,189143,21.98,53.2,6.75,358.0,0.624,2420.56
3,59.9,2,Milho,2024-09-29,64981,14.46,55.8,7.1,559.0,0.695,5190.16
24,32.48,1,Soja,2024-10-24,311281,25.19,71.7,5.24,499.6,0.864,3381.48
1,33.09,3,Trigo,2024-09-20,198232,21.48,53.3,5.71,651.3,0.568,2377.65
24,32.48,1,Soja,2024-10-02,289376,27.3,53.4,6.9,451.1,0.656,3523.22
7,9.36,3,Trigo,2023-07-26,193439,22.32,66.2,6.9,255.5,0.58,2509.85
14,20.93,2,Milho,2023-11-30,57744,30.16,70.7,6.16,597.7,0.555,3639.61
11,6.54,2,Milho,2023-11-18,53607,30.69,57.6,6.06,375.6,0.591,4570.47
12,77.74,1,Soja,2024-03-02,240754,20.65,33.9,5.59,471.4,0.454,2365.99
24,32.48,2,Milho,2024-02-09,64941,21.83,72.7,6.55,383.6,0.578,4835.93
25,39.21,2,Milho,2023-06-06,65872,23.31,50.6,6.52,359.9,0.535,5626.37
20,26.84,3,Trigo,2023-09-03,172493,19.29,37.8,6.7,440.3,0.638,2539.75
2,76.3,1,Soja,2024-04-25,260256,33.76,59.4,6.35,507.1,0.903,2610.83
6,16.7,1,Soja,2023-07-11,334007,20.98,71.9,6.32,358.4,0.651,2979.48
2,76.3,3,Trigo,2023-07-31,205766,20.7,73.5,7.27,480.8,0.649,2731.07
3,59.9,3,Trigo,2023-06-10,164921,20.78,64.9,6.15,370.0,0.806,2387.73
15,18.64,2,Milho,2023-07-27,64645,26.2,47.7,6.15,254.7,0.669,5254.18
14,20.93,3,Trigo,2023-03-07,180624,23.24,71.9,7.07,257.9,0.459,1976.07
20,26.84,2,Milho,2024-01-04,55994,19.02,59.5,5.95,385.3,0.578,4948.41
14,20.93,2,Milho,2023-01-15,62867,18.1,57.8,7.32,518.7,0.71,4645.49
7,9.36,2,Milho,2023-05-05,74307,20.56,46.1,5.25,610.7,0.581,5683.37
4,49.9,3,Trigo,2024-02-18,197863,18.86,50.0,4.63,400.9,0.673,2847.02
14,20.93,2,Milho,2023-02-12,55951,25.73,47.8,5.28,291.4,0.652,4968.66
10,58.11,1,Soja,2024-07-11,289990,19.7,53.7,5.45,415.6,0.765,2868.78
22,15.46,3,Trigo,2023-10-21,207078,22.28,64.6,6.95,565.2,0.471,2083.38
16,18.76,3,Trigo,2023-03-03,159354,27.59,65.1,5.63,327.7,0.489,1709.41
22,15.46,3,Trigo,2023-10-27,185802,24.38,73.1,7.63,461.7,0.762,2404.36
2,76.3,2,Milho,2023-01-14,61162,22.63,57.3,6.36,359.5,0.844,5394.86
13,67.43,1,Soja,2024-05-18,300977,19.74,54.5,7.26,589.7,0.785,3024.42
2,76.3,3,Trigo,2023-01-10,196345,28.01,47.8,7.15,682.7,0.735,2434.02
7,9.36,1,Soja,2023-04-08,383643,22.89,48.3,5.67,383.4,0.51,2577.78
7,9.36,2,Milho,2024-08-14,62731,23.77,66.1,6.77,321.4,0.762,5192.65
25,39.21,1,Soja,2024-08-30,290651,23.98,59.0,6.69,236.7,0.721,3434.0
10,58.11,2,Milho,2024-03-18,68502,27.11,69.6,6.97,554.5,0.859,5360.71
4,49.9,2,Milho,2023-06-07,51996,23.86,46.5,6.95,456.6,0.855,4857.69
16,18.76,1,Soja,2024-03-25,297759,24.13,51.7,6.46,644.6,0.813,3509.61
14,20.93,3,Trigo,2023-06-16,156690,26.0,45.2,7.1,596.9,0.493,1904.82
5,16.7,1,Soja,2024-09-22,234810,20.87,53.0,6.52,492.3,0.696,3051.25
18,44.36,2,Milho,2024-08-24,68191,24.05,54.1,5.66,311.6,0.747,5746.36
8,69.96,3,Trigo,2023-07-13,204601,25.3,27.1,6.85,453.6,0.624,2698.99
18,44.36,3,Trigo,2024-06-21,174855,21.15,56.2,6.42,337.3,0.612,3181.38
12,77.74,3,Trigo,2023-08-28,212267,15.68,63.8,6.97,591.2,0.573,2767.76
13,67.43,1,Soja,2024-02-09,273924,26.23,53.4,6.47,599.2,0.572,3249.23
2,76.3,3,Trigo,2023-08-05,229932,15.58,42.4,6.33,662.3,0.67,2285.65
1,33.09,2,Milho,2023-09-06,53743,26.7,37.8,7.66,442.4,0.562,4491.98
3,59.9,2,Milho,2023-03-17,66401,23.49,42.4,6.74,444.7,0.759,4759.22
19,37.4,2,Milho,2023-10-06,61532,20.08,56.6,6.96,336.2,0.756,6385.78
19,37.4,2,Milho,2023-03-20,62614,22.54,59.7,6.65,394.2,0.612,5160.23
23,26.91,2,Milho,2023-01-22,75478,29.37,35.7,6.31,525.0,0.669,4582.92
14,20.93,3,Trigo,2024-02-25,182530,23.26,47.8,5.95,499.3,0.703,2149.95
4,49.9,2,Milho,2023-12-05,43785,24.14,38.2,6.45,507.1,0.709,4642.47
1,33.09,2,Milho,2024-07-26,48722,21.05,62.9,6.77,377.5,0.54,4503.83
6,16.7,2,Milho,2024-07-05,54284,20.58,51.0,6.44,443.1,0.705,5238.61
15,18.64,3,Trigo,2023-12-23,209661,23.54,56.2,7.25,403.2,0.719,2014.0
12,77.74,3,Trigo,2024-08-01,171026,28.75,45.4,6.09,363.1,0.681,2717.12
14,20.93,1,Soja,2024-11-19,397058,20.28,80.1,7.17,212.3,0.606,1962.09
8,69.96,1,Soja,2024-12-20,295825,23.67,64.9,6.67,485.7,0.695,3995.93
19,37.4,2,Milho,2024-06-02,80840,18.08,56.4,7.14,555.2,0.577,4382.82
17,27.82,2,Milho,2023-08-24,69510,33.47,51.2,5.65,401.2,0.651,4804.0
13,67.43,1,Soja,2023-09-17,255166,30.22,38.8,5.47,693.2,0.856,2719.81
24,32.48,2,Milho,2023-12-29,78500,23.77,54.5,6.38,529.5,0.546,5136.22
8,69.96,2,Milho,2024-07-15,60668,26.91,59.0,6.24,488.2,0.679,5562.03
25,39.21,2,Milho,2023-07-28,59967,26.75,50.6,5.87,372.8,0.72,5700.93
3,59.9,1,Soja,2023-11-10,338718,24.06,45.7,6.19,592.8,0.754,3407.64
21,50.89,3,Trigo,2023-01-01,241309,26.88,73.2,6.26,527.9,0.592,2123.45
17,27.82,1,Soja,2024-08-01,317338,24.05,63.3,6.38,411.0,0.643,2923.1
7,9.36,3,Trigo,2024-10-26,174354,24.73,46.7,5.44,478.3,0.74,2811.71
12,77.74,2,Milho,2023-12-14,64928,21.18,71.9,6.13,440.3,0.648,5157.05
21,50.89,3,Trigo,2024-05-18,179610,29.0,44.4,6.84,575.7,0.736,2050.41
8,69.96,1,Soja,2023-05-26,341144,21.43,53.4,6.27,290.9,0.72,2811.98
5,16.7,1,Soja,2023-08-27,178213,21.36,49.9,6.07,490.7,0.696,2673.9
7,9.36,2,Milho,2024-08-14,56937,29.75,54.6,6.25,363.0,0.605,4510.47
20,26.84,1,Soja,2024-01-16,227629,19.53,70.4,5.84,599.2,0.686,2785.66
25,39.21,1,Soja,2024-06-10,302637,23.53,62.0,7.04,406.3,0.772,2910.7
3,59.9,3,Trigo,2024-02-05,136554,33.48,69.0,6.42,486.2,0.646,2153.68
25,39.21,1,Soja,2024-06-30,248220,28.84,50.9,6.0,360.8,0.701,3004.51
16,18.76,3,Trigo,2023-09-13,209471,20.4,69.2,5.84,465.2,0.6,2733.2
25,39.21,2,Milho,2023-06-03,60063,27.46,57.7,6.75,296.6,0.621,5006.96
25,39.21,3,Trigo,2024-08-14,167362,28.15,62.6,7.16,393.7,0.521,2182.15
15,18.64,3,Trigo,2023-08-15,189361,24.23,74.8,6.08,594.6,0.665,2637.29
19,37.4,3,Trigo,2024-09-17,187858,22.75,47.0,6.18,487.7,0.618,2929.75
21,50.89,3,Trigo,2024-01-15,261909,27.33,52.0,6.9,375.6,0.562,1930.23
11,6.54,3,Trigo,2024-08-11,175397,25.53,68.7,5.98,518.9,0.639,2299.02
11,6.54,3,Trigo,2024-10-01,173102,30.66,61.7,5.44,525.6,0.426,1937.44
15,18.64,1,Soja,2024-02-05,299581,27.13,45.9,6.29,420.3,0.607,2959.65
16,18.76,1,Soja,2024-02-13,243788,28.12,46.3,6.04,279.1,0.601,2881.84
21,50.89,2,Milho,2024-01-07,64536,25.85,45.8,6.07,485.3,0.573,5085.8
9,50.08,2,Milho,2024-01-21,69529,26.52,63.1,6.32,715.0,0.781,5782.23
2,76.3,3,Trigo,2024-07-21,191883,27.1,50.2,6.92,419.5,0.604,2432.5
17,27.82,2,Milho,2023-08-06,62983,28.09,65.5,5.83,351.5,0.704,5426.83
10,58.11,1,Soja,2023-10-05,265577,21.58,54.7,5.71,311.8,0.861,2632.29
15,18.64,2,Milho,2024-09-19,75311,22.53,48.1,5.6,494.2,0.734,4835.71
2,76.3,1,Soja,2023-01-15,285869,23.62,72.3,5.18,473.4,0.842,2881.52
10,58.11,2,Milho,2024-11-01,65180,25.18,51.4,6.61,549.2,0.499,4649.07
21,50.89,1,Soja,2023-02-01,292815,19.76,50.0,6.04,704.9,0.373,3334.63
20,26.84,1,Soja,2024-02-11,238746,24.49,53.2,6.63,345.5,0.642,3301.38
17,27.82,3,Trigo,2023-04-28,191713,30.98,79.0,6.41,394.2,0.532,2604.44
15,18.64,2,Milho,2024-01-22,60639,23.01,38.8,5.82,523.3,0.665,5610.76
18,44.36,3,Trigo,2023-12-03,195416,28.06,51.0,5.56,204.1,0.776,2295.29
2,76.3,3,Trigo,2023-05-17,179175,22.24,42.1,5.65,204.1,0.612,2475.11
19,37.4,2,Milho,2024-11-27,57153,27.18,68.5,6.83,506.5,0.651,5682.85
7,9.36,3,Trigo,2024-08-30,208853,30.72,57.1,6.07,178.4,0.714,2047.31
20,26.84,2,Milho,2024-10-12,55971,29.26,54.8,5.87,424.4,0.497,5170.66
17,27.82,2,Milho,2023-02-07,60896,27.49,47.8,5.85,312.9,0.665,5737.08
2,76.3,1,Soja,2023-10-24,359349,28.71,49.2,5.76,453.6,0.586,2815.87
4,49.9,2,Milho,2023-12-30,60113,18.4,42.9,5.93,419.1,0.645,5202.59
23,26.91,2,Milho,2023-02-02,58417,28.76,61.7,6.29,613.7,0.716,4996.26
17,27.82,1,Soja,2024-10-21,290007,27.27,59.2,6.7,463.9,0.673,3120.28
6,16.7,3,Trigo,2023-02-22,186368,29.79,48.4,5.51,323.7,0.749,2287.15
8,69.96,1,Soja,2023-04-26,298239,21.96,48.6,6.46,300.8,0.746,3043.03
15,18.64,3,Trigo,2023-01-16,152999,24.94,18.1,5.9,403.0,0.801,2275.53
17,27.82,2,Milho,2024-03-06,65870,29.98,48.6,5.85,390.7,0.583,4543.72
20,26.84,3,Trigo,2024-02-15,158665,28.41,59.9,5.5,497.4,0.757,2636.63
12,77.74,1,Soja,2023-11-29,324148,26.82,46.3,7.07,409.7,0.538,2882.91
10,58.11,2,Milho,2023-02-20,60579,15.73,55.9,6.08,450.9,0.745,4509.59
14,20.93,2,Milho,2023-07-28,63060,32.18,46.3,5.54,203.7,0.532,4706.05
22,15.46,2,Milho,2024-02-07,70302,27.04,46.6,6.99,467.0,0.583,6174.86
2,76.3,3,Trigo,2023-09-10,169459,26.57,34.5,5.96,290.3,0.673,2316.31
21,50.89,3,Trigo,2023-06-15,159861,23.14,19.0,5.95,344.9,0.703,2238.61
3,59.9,2,Milho,2024-06-05,63383,30.17,48.6,6.51,382.7,0.597,5933.87
4,49.9,2,Milho,2024-07-25,71805,26.47,69.6,6.82,280.9,0.694,5368.16
22,15.46,3,Trigo,2024-08-01,161759,19.55,53.0,6.57,447.6,0.552,2933.15
10,58.11,2,Milho,2023-07-16,70340,25.33,41.7,6.18,490.0,0.78,5167.47
24,32.48,2,Milho,2023-05-09,52629,28.71,68.6,6.12,714.2,0.444,4813.46
20,26.84,3,Trigo,2023-10-14,180044,25.49,56.7,7.07,479.2,0.61,2636.09
11,6.54,1,Soja,2023-01-11,257784,17.31,56.0,5.43,540.4,0.663,3268.78
19,37.4,1,Soja,2024-11-10,311734,21.48,61.0,6.49,352.8,0.792,3364.55
5,16.7,3,Trigo,2024-12-21,199924,29.57,45.0,6.34,386.1,0.72,2909.34
10,58.11,2,Milho,2023-12-03,69858,18.37,42.0,6.96,535.6,0.547,5102.88
23,26.91,3,Trigo,2023-12-14,200523,23.88,70.4,6.4,332.7,0.824,1972.77
13,67.43,3,Trigo,2024-08-15,205380,28.16,44.8,6.19,337.2,0.611,2417.63
20,26.84,1,Soja,2024-04-16,223621,34.43,65.7,6.41,351.2,0.646,2819.12
3,59.9,3,Trigo,2023-04-24,134157,24.3,66.9,5.63,411.6,0.664,1847.28
18,44.36,2,Milho,2024-03-13,49215,21.28,69.2,5.89,197.6,0.799,4692.47
21,50.89,2,Milho,2024-11-14,57829,24.62,51.0,6.36,468.2,0.592,5539.92
5,16.7,2,Milho,2024-08-15,72483,24.94,64.8,6.77,485.2,0.596,5993.84
23,26.91,3,Trigo,2023-01-31,198614,23.76,52.8,6.4,312.0,0.631,2539.5
22,15.46,3,Trigo,2023-03-12,186993,22.92,45.0,7.4,248.3,0.6,2622.79
3,59.9,3,Trigo,2024-03-24,172310,20.43,55.7,5.97,410.8,0.85,2880.13
22,15.46,3,Trigo,2024-11-16,182183,26.17,42.4,6.78,352.6,0.532,2057.33
17,27.82,2,Milho,2023-11-18,56859,32.22,56.5,5.59,372.9,0.604,5023.57
1,33.09,2,Milho,2024-05-01,61075,27.24,59.8,5.58,377.5,0.921,6434.27
10,58.11,2,Milho,2024-02-17,63089,21.63,58.3,6.01,497.9,0.518,6255.37
7,9.36,1,Soja,2024-11-24,224224,23.77,40.8,6.95,256.5,0.739,2672.68
25,39.21,2,Milho,2023-08-03,61114,16.26,49.5,6.97,435.5,0.516,4411.28
7,9.36,2,Milho,2023-05-09,68568,19.5,49.8,7.5,600.6,0.719,5508.36
5,16.7,1,Soja,2024-06-16,281711,23.15,60.4,6.13,450.3,0.623,3287.84
3,59.9,1,Soja,2024-10-27,330404,25.87,58.0,6.68,485.9,0.724,3361.26
4,49.9,2,Milho,2023-08-01,75767,20.38,56.4,6.46,271.8,0.711,5103.39
25,39.21,3,Trigo,2024-10-21,183725,29.44,61.9,5.05,126.1,0.532,2273.26
24,32.48,3,Trigo,2023-08-20,200139,18.22,59.4,6.51,337.0,0.762,2958.29
2,76.3,3,Trigo,2024-11-14,163390,24.04,60.1,6.88,346.7,0.585,2405.57
11,6.54,3,Trigo,2024-12-15,170488,29.41,76.0,6.28,709.1,0.659,2311.36
5,16.7,3,Trigo,2024-07-06,187379,30.55,47.9,5.95,401.8,0.544,2527.26
13,67.43,3,Trigo,2023-10-07,188023,30.39,61.4,5.97,388.7,0.658,2314.01
6,16.7,1,Soja,2023-07-10,263462,26.89,34.9,6.37,387.3,0.577,3031.51
23,26.91,1,Soja,2023-05-06,323222,24.95,46.6,6.41,407.7,0.682,3536.46
6,16.7,3,Trigo,2024-03-14,201711,23.9,61.1,5.64,383.0,0.645,2682.7
15,18.64,3,Trigo,2024-02-09,194262,23.87,50.0,6.21,535.8,0.778,2668.62
14,20.93,1,Soja,2024-09-18,242343,29.99,63.9,6.18,353.8,0.555,2877.33
22,15.46,2,Milho,2023-06-19,57394,32.48,64.8,5.11,382.2,0.469,3349.57
8,69.96,3,Trigo,2024-01-14,228140,23.45,55.4,5.73,365.9,0.593,1847.47
20,26.84,2,Milho,2024-06-15,83032,22.69,74.9,5.52,281.6,0.642,3797.91
25,39.21,2,Milho,2024-04-05,59250,23.27,52.4,6.49,471.2,0.685,6173.25
15,18.64,3,Trigo,2023-06-20,167771,18.83,55.8,5.76,308.7,0.608,2493.04
18,44.36,1,Soja,2023-01-21,334593,25.87,57.3,6.33,356.5,0.616,3327.54
10,58.11,1,Soja,2024-07-26,337027,17.99,65.0,5.86,460.8,0.766,2886.47
7,9.36,2,Milho,2024-05-30,71904,22.55,49.0,6.58,460.9,0.478,5336.69
22,15.46,2,Milho,2023-12-12,71220,25.44,68.3,5.95,586.6,0.597,4789.27
15,18.64,3,Trigo,2023-12-14,180785,24.94,43.6,5.85,529.3,0.635,2492.09
25,39.21,2,Milho,2024-01-02,59568,28.61,66.6,6.52,470.0,0.41,4851.95
25,39.21,2,Milho,2023-10-08,61406,16.5,58.6,6.27,728.8,0.613,5605.95
17,27.82,2,Milho,2023-11-11,67711,16.97,42.3,5.86,430.8,0.549,4569.01
14,20.93,3,Trigo,2023-08-20,174936,24.04,53.2,7.31,399.0,0.637,2555.39
7,9.36,1,Soja,2024-12-29,323400,27.52,45.5,6.21,483.7,0.623,3296.58
5,16.7,3,Trigo,2023-12-15,167644,31.33,62.3,5.81,477.6,0.515,1926.46
2,76.3,2,Milho,2023-06-19,60529,28.34,54.7,6.61,649.8,0.676,5963.66
16,18.76,3,Trigo,2023-07-02,193877,21.82,36.9,5.8,316.9,0.67,2443.76
18,44.36,2,Milho,2023-11-14,70781,27.16,54.8,5.42,809.1,0.825,4663.26
23,26.91,1,Soja,2024-07-27,346448,23.55,46.9,6.18,555.1,0.681,3023.66
4,49.9,3,Trigo,2023-09-25,187429,30.4,70.3,6.68,419.7,0.326,2308.28
3,59.9,2,Milho,2023-05-11,56898,24.56,68.6,6.33,531.8,0.715,5718.0
9,50.08,1,Soja,2024-09-21,383093,23.72,55.9,6.35,569.8,0.714,3624.21
17,27.82,2,Milho,2024-01-02,61215,24.32,42.0,6.28,358.5,0.601,4998.14
14,20.93,1,Soja,2024-03-07,260869,19.69,58.4,6.61,527.0,0.571,2801.22
8,69.96,1,Soja,2023-11-02,343978,24.96,41.8,6.43,710.1,0.539,2777.55
12,77.74,2,Milho,2024-09-05,70881,27.68,50.2,6.08,712.3,0.625,5805.87
14,20.93,1,Soja,2023-11-29,269924,16.61,68.0,5.78,520.3,0.693,3259.22
13,67.43,1,Soja,2024-05-09,246015,24.85,54.9,6.21,610.6,0.579,3236.49
12,77.74,3,Trigo,2024-01-04,209256,22.4,59.6,6.31,318.5,0.461,2292.17
13,67.43,1,Soja,2024-01-18,368734,28.49,57.3,6.14,482.3,0.598,3155.99
12,77.74,1,Soja,2023-12-22,306856,23.65,42.1,5.93,574.3,0.725,3292.97
1,33.09,1,Soja,2023-08-23,331259,21.87,51.1,5.74,495.4,0.896,2830.01
4,49.9,2,Milho,2024-08-04,60136,28.54,39.8,5.2,671.0,0.661,4764.96
21,50.89,3,Trigo,2024-02-10,234760,21.47,35.9,6.26,715.3,0.73,2328.63
5,16.7,2,Milho,2024-01-25,68668,28.11,62.8,6.49,217.0,0.499,5769.77
2,76.3,1,Soja,2023-02-21,289397,27.33,63.0,5.59,679.4,0.586,3011.22
16,18.76,2,Milho,2023-03-18,69409,34.79,69.5,6.64,484.3,0.669,4846.78
5,16.7,3,Trigo,2024-09-23,221035,20.7,50.1,5.29,291.1,0.831,2228.55
16,18.76,3,Trigo,2023-03-18,198659,30.65,50.7,6.7,544.6,0.696,2596.01
20,26.84,2,Milho,2024-03-06,63629,28.13,58.9,5.81,287.7,0.665,5543.76
3,59.9,1,Soja,2023-12-11,302960,23.94,69.0,7.57,386.8,0.628,3297.96
9,50.08,1,Soja,2023-04-12,330818,26.34,67.8,5.55,383.2,0.693,3770.45
5,16.7,1,Soja,2023-03-08,292511,27.82,41.1,6.24,524.0,0.539,3264.61
24,32.48,3,Trigo,2023-06-01,185901,27.51,58.5,6.58,496.0,0.813,2546.3
17,27.82,3,Trigo,2023-10-12,200677,20.34,62.8,6.31,394.4,0.543,2244.75
4,49.9,2,Milho,2024-10-21,53334,24.41,58.1,6.35,599.1,0.662,6205.55
8,69.96,2,Milho,2023-06-10,71490,25.48,40.8,5.61,441.9,0.705,5464.82
4,49.9,2,Milho,2023-07-13,74319,27.7,56.7,6.64,445.5,0.673,5958.2
8,69.96,1,Soja,2023-11-12,384769,23.32,31.9,7.13,311.2,0.904,2067.69
21,50.89,2,Milho,2023-04-12,60919,21.69,58.0,6.27,461.2,0.595,6034.14
15,18.64,3,Trigo,2023-05-18,169992,27.77,53.0,5.39,397.9,0.816,2083.0
4,49.9,1,Soja,2023-02-21,307798,21.45,62.4,6.16,468.1,0.666,3321.62
20,26.84,2,Milho,2024-06-15,79158,26.04,43.6,6.07,302.5,0.629,5179.86
1,33.09,3,Trigo,2024-01-28,164379,20.85,58.3,5.42,504.5,0.561,2410.48
17,27.82,3,Trigo,2024-01-07,147600,26.93,58.4,6.64,255.4,0.516,2118.02
8,69.96,3,Trigo,2024-04-07,165851,27.95,51.2,6.6,618.2,0.529,2477.27
5,16.7,3,Trigo,2023-06-14,114985,30.15,50.3,6.09,365.3,0.722,2162.91
14,20.93,2,Milho,2024-02-28,71057,22.71,54.7,7.26,291.0,0.848,4997.88
20,26.84,1,Soja,2023-05-14,365244,20.06,47.2,6.91,438.0,0.655,2384.69
8,69.96,2,Milho,2023-06-15,61386,26.14,67.1,5.41,577.7,0.901,5797.86
14,20.93,3,Trigo,2023-11-13,201304,22.95,48.9,5.98,543.5,0.716,2692.95
22,15.46,1,Soja,2024-05-30,345153,22.27,57.3,5.84,604.6,0.587,3082.56
3,59.9,3,Trigo,2023-05-07,173256,24.81,45.0,5.43,596.8,0.58,2298.32
12,77.74,3,Trigo,2024-09-03,197748,20.47,40.6,6.54,616.0,0.777,3084.27
17,27.82,1,Soja,2024-10-11,315611,30.79,45.5,6.62,421.6,0.371,2651.88
17,27.82,3,Trigo,2024-01-05,161441,24.33,66.8,6.08,412.6,0.517,2357.43
18,44.36,3,Trigo,2024-02-24,207386,24.03,58.1,6.69,589.8,0.642,2527.83
13,67.43,1,Soja,2023-08-01,321099,27.71,57.1,5.12,452.2,0.773,3407.99
2,76.3,2,Milho,2024-06-01,58963,17.11,57.5,6.15,515.8,0.663,5117.96
13,67.43,3,Trigo,2024-01-05,195743,14.98,59.3,6.39,375.8,0.488,2668.97
9,50.08,2,Milho,2023-11-25,63438,26.23,45.7,6.35,428.3,0.712,5642.87
1,33.09,3,Trigo,2024-03-14,206202,31.74,56.4,6.25,426.2,0.606,2338.41
3,59.9,2,Milho,2023-02-18,75821,25.38,50.9,6.14,468.1,0.453,5443.55
8,69.96,2,Milho,2024-04-24,69653,18.31,72.5,5.05,357.7,0.604,4414.52
22,15.46,3,Trigo,2024-09-19,137831,23.33,79.6,6.25,564.1,0.551,2213.42
4,49.9,3,Trigo,2023-01-19,185280,20.84,61.9,6.16,592.9,0.752,2783.73
24,32.48,3,Trigo,2023-06-02,148249,27.84,51.4,7.03,455.9,0.631,2682.25
5,16.7,2,Milho,2023-08-22,58836,29.1,43.6,6.55,376.1,0.812,5325.79
12,77.74,1,Soja,2023-08-18,289634,24.74,37.1,7.75,545.3,0.62,3004.94
11,6.54,3,Trigo,2024-02-26,150644,19.65,60.6,6.58,433.5,0.728,2701.79
6,16.7,3,Trigo,2024-11-15,204246,30.59,52.0,7.14,663.4,0.714,2480.37
15,18.64,3,Trigo,2023-09-18,219240,20.07,48.1,6.49,545.8,0.762,2664.76
16,18.76,3,Trigo,2024-09-27,211878,28.77,61.2,6.2,323.2,0.736,2662.09
6,16.7,3,Trigo,2023-04-11,214503,17.25,63.3,6.74,489.3,0.538,2808.44
3,59.9,1,Soja,2024-12-01,293598,24.59,60.5,6.12,476.8,0.706,3686.62
25,39.21,3,Trigo,2024-11-26,150488,23.86,64.1,7.47,282.0,0.64,2232.21
2,76.3,2,Milho,2024-08-06,68128,21.65,56.4,6.59,479.5,0.636,6653.45
7,9.36,2,Milho,2024-05-22,61378,24.82,59.1,7.01,345.1,0.639,5102.66
7,9.36,1,Soja,2023-01-17,338472,22.69,58.7,5.86,580.7,0.482,3252.46
11,6.54,1,Soja,2023-03-06,336271,25.11,58.2,6.23,404.7,0.966,3347.61
17,27.82,2,Milho,2023-09-26,59806,23.07,54.3,6.22,158.8,0.732,5311.15
18,44.36,2,Milho,2024-08-20,72078,29.91,40.2,5.92,632.4,0.663,5581.87
9,50.08,2,Milho,2024-11-26,69372,21.22,51.4,5.28,587.0,0.544,5633.04
25,39.21,1,Soja,2024-12-23,311763,26.48,51.2,5.97,602.3,0.6,3490.79
7,9.36,3,Trigo,2023-08-02,220715,29.85,67.5,6.99,672.9,0.473,2081.04
12,77.74,2,Milho,2023-11-17,74137,20.85,61.6,7.02,284.7,0.616,5742.24
21,50.89,1,Soja,2024-07-20,280200,23.31,45.1,5.71,528.7,0.836,2683.0
9,50.08,2,Milho,2024-10-18,62793,26.72,47.9,5.24,399.1,0.656,5137.81
12,77.74,1,Soja,2024-08-30,253299,16.74,58.5,6.22,512.5,0.548,3021.14
13,67.43,2,Milho,2023-08-26,64762,25.99,61.4,6.5,208.3,0.563,5494.57
15,18.64,3,Trigo,2024-11-19,180970,27.07,58.6,6.38,706.3,0.766,2694.98
11,6.54,2,Milho,2023-01-23,59808,25.94,57.7,6.49,611.1,0.677,6315.9
16,18.76,1,Soja,2024-03-19,329314,18.54,51.0,6.06,337.0,0.681,2764.64
16,18.76,3,Trigo,2023-08-27,194802,26.83,54.8,6.03,288.0,0.792,2299.55
17,27.82,2,Milho,2023-01-19,61632,26.88,44.9,6.14,566.3,0.777,5201.61
3,59.9,2,Milho,2024-05-02,66060,17.34,35.0,6.22,370.4,0.671,4167.7
14,20.93,3,Trigo,2024-05-27,151060,16.74,68.9,6.16,343.7,0.675,2572.88
14,20.93,1,Soja,2024-01-08,286678,28.23,55.8,5.42,413.9,0.696,3233.06
6,16.7,3,Trigo,2023-05-17,184392,19.1,53.6,7.07,294.8,0.511,2790.86
10,58.11,3,Trigo,2024-06-08,193271,25.36,53.7,6.27,418.4,0.62,2453.6
4,49.9,2,Milho,2024-03-22,59530,19.7,71.8,6.07,487.1,0.72,5125.32
11,6.54,1,Soja,2023-03-07,238491,20.09,56.6,6.09,358.1,0.723,2925.32
10,58.11,3,Trigo,2023-07-11,193950,26.74,47.6,5.32,533.6,0.815,2067.41
15,18.64,2,Milho,2024-06-17,62598,19.65,53.8,5.74,527.1,0.515,4944.78
23,26.91,3,Trigo,2023-01-17,192351,24.51,59.4,5.92,73.0,0.729,2621.72
6,16.7,2,Milho,2023-11-29,67779,25.91,53.5,7.01,671.0,0.635,5483.05
15,18.64,3,Trigo,2024-09-02,187084,23.41,47.5,6.56,232.4,0.714,2434.74
15,18.64,2,Milho,2023-10-22,63883,19.35,51.4,6.78,414.0,0.696,5770.49
24,32.48,1,Soja,2023-10-14,357118,23.09,67.9,6.51,466.4,0.673,3427.56
20,26.84,2,Milho,2023-11-10,64590,21.36,68.3,6.71,340.4,0.681,5508.22
9,50.08,2,Milho,2024-11-12,78076,23.11,62.4,5.98,547.0,0.637,5215.76
2,76.3,3,Trigo,2023-12-07,202296,21.29,48.9,7.06,396.6,0.81,2753.9
22,15.46,1,Soja,2023-02-02,351732,16.75,53.7,6.29,506.8,0.548,2925.01
13,67.43,3,Trigo,2023-07-05,151107,27.06,65.7,6.55,216.9,0.634,2099.11
17,27.82,2,Milho,2024-09-04,57439,27.92,42.2,6.49,473.8,0.919,5001.05
22,15.46,3,Trigo,2023-11-01,220201,17.2,47.7,6.2,529.9,0.669,2442.66
1,33.09,1,Soja,2024-11-18,244529,27.52,67.7,6.36,356.3,0.624,3149.54
20,26.84,1,Soja,2024-04-02,299700,23.88,59.0,6.32,611.6,0.727,3560.67
15,18.64,3,Trigo,2023-08-05,172929,25.18,40.0,6.42,354.7,0.368,2382.74
5,16.7,1,Soja,2024-09-21,272388,25.69,43.7,6.26,409.8,0.476,2986.1
8,69.96,1,Soja,2024-04-02,370045,23.54,67.5,5.71,326.2,0.717,2683.28
12,77.74,3,Trigo,2023-05-14,217253,29.97,62.2,6.76,387.5,0.49,2460.45
13,67.43,2,Milho,2023-05-01,70682,30.17,38.0,5.77,621.2,0.596,4757.07
2,76.3,3,Trigo,2023-08-03,165561,29.5,51.0,7.32,689.1,0.637,2629.85
5,16.7,3,Trigo,2024-05-08,172274,22.61,60.6,5.28,395.2,0.553,2468.93
15,18.64,3,Trigo,2024-03-12,171420,22.64,65.2,6.67,615.4,0.551,2636.23
12,77.74,2,Milho,2024-05-15,66591,25.79,56.2,5.94,397.0,0.679,6553.07
25,39.21,2,Milho,2024-05-18,70833,28.25,51.8,6.31,559.3,0.811,5621.51
19,37.4,1,Soja,2023-11-25,333331,29.51,58.3,4.94,458.6,0.716,3407.92
17,27.82,1,Soja,2024-05-10,278743,28.88,75.1,6.42,482.9,0.498,3000.09
13,67.43,2,Milho,2024-08-13,58236,28.2,45.5,6.29,351.1,0.744,5410.03
21,50.89,2,Milho,2023-07-29,69604,21.94,59.2,6.63,477.9,0.75,5780.76
8,69.96,2,Milho,2024-10-15,62572,22.15,63.9,6.99,338.9,0.827,6290.72
1,33.09,1,Soja,2024-10-18,301782,18.98,45.0,6.44,491.1,0.54,2840.13
6,16.7,3,Trigo,2023-10-09,200166,19.4,50.2,6.9,377.8,0.767,2802.7
17,27.82,2,Milho,2023-06-24,77882,23.32,54.3,5.45,497.0,0.641,4712.38
18,44.36,2,Milho,2024-11-09,76659,16.77,57.5,6.54,408.9,0.723,4314.75
9,50.08,1,Soja,2024-03-31,288689,14.05,50.4,7.13,392.9,0.601,2657.3
23,26.91,2,Milho,2023-01-13,69299,17.18,50.0,6.86,360.9,0.664,5144.38
7,9.36,2,Milho,2024-12-30,74617,18.2,45.8,6.91,513.9,0.588,5450.33
10,58.11,3,Trigo,2024-05-17,196644,25.08,50.9,6.03,365.8,0.547,2820.34
16,18.76,3,Trigo,2023-06-09,196336,22.03,48.7,5.42,452.3,0.645,2798.98
4,49.9,1,Soja,2023-08-29,294501,23.47,42.1,6.75,626.2,0.688,3317.39
3,59.9,1,Soja,2023-09-02,269461,27.13,54.3,6.29,317.2,0.62,3300.53
6,16.7,2,Milho,2024-11-24,54351,20.04,65.6,6.45,492.4,0.579,5166.54
15,18.64,3,Trigo,2023-10-22,173711,24.88,50.2,5.88,318.5,0.927,1848.82
22,15.46,1,Soja,2023-05-21,273522,29.97,49.4,6.49,487.1,0.592,3103.57
22,15.46,2,Milho,2023-12-13,73265,31.15,50.7,7.05,603.4,0.55,4507.59
23,26.91,2,Milho,2023-08-13,61204,16.53,55.9,5.8,501.7,0.715,4751.15
18,44.36,1,Soja,2024-01-06,313459,25.71,58.9,6.31,557.0,0.583,2983.53
10,58.11,3,Trigo,2023-11-12,161489,25.63,41.6,6.67,416.1,0.608,2540.27
6,16.7,2,Milho,2024-02-03,72498,25.68,63.5,6.57,237.8,0.75,5741.5
23,26.91,3,Trigo,2024-09-27,176863,25.49,38.4,7.23,581.9,0.699,2155.62
21,50.89,3,Trigo,2024-09-28,152545,23.48,39.6,6.16,330.3,0.604,2253.03
12,77.74,1,Soja,2023-06-25,320190,22.38,82.2,6.6,535.8,0.572,3047.7
8,69.96,3,Trigo,2024-04-24,175316,29.64,51.9,6.01,554.6,0.701,2979.34
7,9.36,1,Soja,2024-07-17,292069,23.15,55.7,6.71,473.2,0.563,3362.51
8,69.96,1,Soja,2023-05-07,286725,24.12,53.4,6.47,540.0,0.711,3579.95
1,33.09,2,Milho,2024-02-16,67363,25.92,55.9,5.78,591.2,0.592,5968.78
18,44.36,2,Milho,2023-01-11,66114,22.42,58.1,7.01,619.7,0.647,6509.13
12,77.74,3,Trigo,2024-08-25,165854,18.0,74.1,5.78,446.3,0.766,2495.12
18,44.36,2,Milho,2023-01-01,74774,21.64,58.3,5.9,326.9,0.444,4802.0
20,26.84,1,Soja,2023-04-01,312503,24.63,33.8,6.29,404.7,0.632,3413.63
3,59.9,1,Soja,2023-03-30,360571,20.82,72.5,6.81,547.0,0.638,2685.54
13,67.43,2,Milho,2024-11-07,62555,23.87,42.1,6.52,490.5,0.686,5481.81
